year,ccode,n_dissent_events,n_events,country_index,country_name,year_index
1990.0,2.0,195.0,135537.0,1,United States of America,1
1990.0,20.0,18.0,7781.0,2,Canada,1
1990.0,41.0,8.0,310.0,3,Haiti,1
1990.0,42.0,0.0,121.0,4,Dominican Republic,1
1990.0,51.0,0.0,140.0,5,Jamaica,1
1990.0,52.0,1.0,220.0,6,Trinidad and Tobago,1
1990.0,70.0,12.0,1641.0,7,Mexico,1
1990.0,80.0,1.0,12.0,8,Belize,1
1990.0,90.0,13.0,371.0,9,Guatemala,1
1990.0,91.0,6.0,313.0,10,Honduras,1
1990.0,92.0,36.0,831.0,11,El Salvador,1
1990.0,93.0,21.0,1077.0,12,Nicaragua,1
1990.0,94.0,1.0,236.0,13,Costa Rica,1
1990.0,95.0,4.0,592.0,14,Panama,1
1990.0,100.0,48.0,1797.0,15,Colombia,1
1990.0,101.0,8.0,1123.0,16,"Venezuela, Bolivarian Republic of",1
1990.0,110.0,0.0,44.0,17,Guyana,1
1990.0,115.0,8.0,177.0,18,Suriname,1
1990.0,130.0,2.0,391.0,19,Ecuador,1
1990.0,135.0,41.0,1375.0,20,Peru,1
1990.0,140.0,17.0,2454.0,21,Brazil,1
1990.0,145.0,1.0,135.0,22,Bolivia (Plurinational State of),1
1990.0,150.0,0.0,84.0,23,Paraguay,1
1990.0,155.0,4.0,696.0,24,Chile,1
1990.0,160.0,16.0,1537.0,25,Argentina,1
1990.0,165.0,6.0,342.0,26,Uruguay,1
1990.0,200.0,128.0,30232.0,27,United Kingdom of Great Britain and Northern Ireland,1
1990.0,205.0,3.0,1051.0,28,Ireland,1
1990.0,210.0,12.0,4369.0,29,Netherlands,1
1990.0,211.0,17.0,3812.0,30,Belgium,1
1990.0,220.0,48.0,11130.0,31,France,1
1990.0,225.0,6.0,4198.0,32,Switzerland,1
1990.0,230.0,39.0,3271.0,33,Spain,1
1990.0,235.0,7.0,833.0,34,Portugal,1
1990.0,255.0,17.0,4056.0,35,Germany,1
1990.0,260.0,0.0,0.0,36,Federal Republic of Germany,1
1990.0,265.0,0.0,0.0,37,German Democratic Republic,1
1990.0,290.0,26.0,2712.0,38,Poland,1
1990.0,305.0,20.0,5815.0,39,Austria,1
1990.0,310.0,4.0,1534.0,40,Hungary,1
1990.0,315.0,10.0,1769.0,41,Czechoslovakia,1
1990.0,316.0,17.0,4056.0,42,Czech Republic,1
1990.0,317.0,17.0,4056.0,43,Slovakia,1
1990.0,325.0,20.0,5194.0,44,Italy,1
1990.0,339.0,14.0,609.0,45,Albania,1
1990.0,344.0,17.0,4056.0,46,Croatia,1
1990.0,346.0,17.0,4056.0,47,Bosnia and Herzegovina,1
1990.0,349.0,17.0,4056.0,48,Slovenia,1
1990.0,350.0,23.0,1082.0,49,Greece,1
1990.0,352.0,11.0,1876.0,50,Cyprus,1
1990.0,355.0,27.0,1165.0,51,Bulgaria,1
1990.0,359.0,17.0,4056.0,52,Republic of Moldova,1
1990.0,360.0,58.0,2385.0,53,Romania,1
1990.0,365.0,110.0,14815.0,54,Russian Federation,1
1990.0,366.0,17.0,4056.0,55,Estonia,1
1990.0,367.0,17.0,4056.0,56,Latvia,1
1990.0,368.0,17.0,4056.0,57,Lithuania,1
1990.0,369.0,17.0,4056.0,58,Ukraine,1
1990.0,370.0,17.0,4056.0,59,Belarus,1
1990.0,371.0,17.0,4056.0,60,Armenia,1
1990.0,372.0,17.0,4056.0,61,Georgia,1
1990.0,373.0,17.0,4056.0,62,Azerbaijan,1
1990.0,375.0,4.0,1548.0,63,Finland,1
1990.0,380.0,9.0,3581.0,64,Sweden,1
1990.0,385.0,7.0,1883.0,65,Norway,1
1990.0,390.0,3.0,969.0,66,Denmark,1
1990.0,404.0,0.0,53.0,67,Guinea Bissau,1
1990.0,411.0,0.0,4.0,68,Equatorial Guinea,1
1990.0,420.0,1.0,135.0,69,Gambia (Islamic Republic of the),1
1990.0,432.0,0.0,50.0,70,Mali,1
1990.0,433.0,3.0,143.0,71,Senegal,1
1990.0,434.0,0.0,38.0,72,Benin,1
1990.0,435.0,0.0,89.0,73,Mauritania,1
1990.0,436.0,3.0,66.0,74,Niger,1
1990.0,437.0,16.0,593.0,75,Côte D'Ivoire,1
1990.0,438.0,0.0,55.0,76,Guinea,1
1990.0,439.0,0.0,35.0,77,Burkina Faso,1
1990.0,450.0,45.0,1021.0,78,Liberia,1
1990.0,451.0,6.0,215.0,79,Sierra Leone,1
1990.0,452.0,0.0,202.0,80,Ghana,1
1990.0,461.0,2.0,57.0,81,Togo,1
1990.0,471.0,0.0,64.0,82,Cameroon,1
1990.0,475.0,8.0,1081.0,83,Nigeria,1
1990.0,481.0,6.0,286.0,84,Gabon,1
1990.0,482.0,2.0,47.0,85,Central African Republic,1
1990.0,483.0,11.0,197.0,86,Chad,1
1990.0,484.0,1.0,78.0,87,Congo,1
1990.0,490.0,3.0,274.0,88,Democratic Republic of the Congo,1
1990.0,500.0,6.0,482.0,89,Uganda,1
1990.0,501.0,28.0,766.0,90,Kenya,1
1990.0,510.0,2.0,321.0,91,United Republic of Tanzania,1
1990.0,516.0,0.0,36.0,92,Burundi,1
1990.0,517.0,8.0,266.0,93,Rwanda,1
1990.0,520.0,7.0,268.0,94,Somalia,1
1990.0,522.0,0.0,3.0,95,Djibouti,1
1990.0,530.0,25.0,691.0,96,Ethiopia,1
1990.0,531.0,0.0,0.0,97,Eritrea,1
1990.0,540.0,11.0,563.0,98,Angola,1
1990.0,541.0,8.0,430.0,99,Mozambique,1
1990.0,551.0,6.0,589.0,100,Zambia,1
1990.0,552.0,6.0,540.0,101,Zimbabwe,1
1990.0,553.0,5.0,22.0,102,Malawi,1
1990.0,560.0,80.0,5821.0,103,South Africa,1
1990.0,565.0,1.0,190.0,104,Namibia,1
1990.0,571.0,1.0,65.0,105,Botswana,1
1990.0,580.0,0.0,77.0,106,Madagascar,1
1990.0,581.0,1.0,49.0,107,Comoros,1
1990.0,591.0,0.0,52.0,108,Seychelles,1
1990.0,600.0,2.0,727.0,109,Morocco,1
1990.0,615.0,40.0,1533.0,110,Algeria,1
1990.0,616.0,6.0,842.0,111,Tunisia,1
1990.0,620.0,6.0,741.0,112,Libya,1
1990.0,625.0,14.0,644.0,113,Sudan,1
1990.0,630.0,12.0,2962.0,114,Iran (Islamic Republic of),1
1990.0,640.0,30.0,2729.0,115,Turkey,1
1990.0,651.0,31.0,2881.0,116,Egypt,1
1990.0,652.0,20.0,1425.0,117,Syrian Arab Republic,1
1990.0,660.0,57.0,1896.0,118,Lebanon,1
1990.0,663.0,16.0,2058.0,119,Jordan,1
1990.0,666.0,103.0,5e3,120,Israel,1
1990.0,670.0,14.0,2725.0,121,Saudi Arabia,1
1990.0,678.0,17.0,4056.0,122,Yemen Arab Republic,1
1990.0,679.0,3.0,371.0,123,Yemen,1
1990.0,680.0,17.0,4056.0,124,Yemen People's Republic,1
1990.0,690.0,23.0,2904.0,125,Kuwait,1
1990.0,692.0,3.0,636.0,126,Bahrain,1
1990.0,694.0,0.0,218.0,127,Qatar,1
1990.0,696.0,2.0,1019.0,128,United Arab Emirates,1
1990.0,698.0,0.0,267.0,129,Oman,1
1990.0,700.0,52.0,489.0,130,Afghanistan,1
1990.0,701.0,0.0,13.0,131,Turkmenistan,1
1990.0,702.0,0.0,0.0,132,Tajikistan,1
1990.0,703.0,0.0,0.0,133,Kyrgyzstan,1
1990.0,704.0,0.0,0.0,134,Uzbekistan,1
1990.0,705.0,0.0,0.0,135,Kazakhstan,1
1990.0,710.0,19.0,5114.0,136,China,1
1990.0,712.0,10.0,315.0,137,Mongolia,1
1990.0,713.0,17.0,4056.0,138,"Taiwan, Province of China",1
1990.0,732.0,47.0,3261.0,139,Republic of Korea,1
1990.0,740.0,30.0,19141.0,140,Japan,1
1990.0,750.0,87.0,3236.0,141,India,1
1990.0,760.0,0.0,6.0,142,Bhutan,1
1990.0,770.0,31.0,1900.0,143,Pakistan,1
1990.0,771.0,33.0,861.0,144,Bangladesh,1
1990.0,775.0,8.0,388.0,145,Myanmar,1
1990.0,780.0,52.0,894.0,146,Sri Lanka,1
1990.0,790.0,9.0,486.0,147,Nepal,1
1990.0,800.0,19.0,1859.0,148,Thailand,1
1990.0,811.0,15.0,675.0,149,Cambodia,1
1990.0,812.0,0.0,63.0,150,Lao People's Democratic Republic,1
1990.0,816.0,5.0,1006.0,151,Viet Nam,1
1990.0,820.0,6.0,3950.0,152,Malaysia,1
1990.0,830.0,3.0,3209.0,153,Singapore,1
1990.0,835.0,0.0,34.0,154,Brunei Darussalam,1
1990.0,840.0,85.0,3534.0,155,Philippines,1
1990.0,850.0,4.0,1554.0,156,Indonesia,1
1990.0,860.0,17.0,4056.0,157,Timor-Leste,1
1990.0,900.0,6.0,1328.0,158,Australia,1
1990.0,910.0,3.0,213.0,159,Papua New Guinea,1
1990.0,920.0,8.0,3270.0,160,New Zealand,1
1990.0,946.0,0.0,0.0,161,Kiribati,1
1990.0,955.0,0.0,20.0,162,Tonga,1
1990.0,970.0,0.0,1.0,163,Nauru,1
1991.0,2.0,232.0,140735.0,1,United States of America,2
1991.0,20.0,17.0,10626.0,2,Canada,2
1991.0,41.0,3.0,526.0,3,Haiti,2
1991.0,42.0,3.0,87.0,4,Dominican Republic,2
1991.0,51.0,1.0,135.0,5,Jamaica,2
1991.0,52.0,0.0,99.0,6,Trinidad and Tobago,2
1991.0,70.0,6.0,1804.0,7,Mexico,2
1991.0,80.0,1.0,23.0,8,Belize,2
1991.0,90.0,6.0,205.0,9,Guatemala,2
1991.0,91.0,5.0,126.0,10,Honduras,2
1991.0,92.0,40.0,622.0,11,El Salvador,2
1991.0,93.0,12.0,514.0,12,Nicaragua,2
1991.0,94.0,0.0,115.0,13,Costa Rica,2
1991.0,95.0,3.0,281.0,14,Panama,2
1991.0,100.0,43.0,1532.0,15,Colombia,2
1991.0,101.0,4.0,818.0,16,"Venezuela, Bolivarian Republic of",2
1991.0,110.0,0.0,45.0,17,Guyana,2
1991.0,115.0,0.0,59.0,18,Suriname,2
1991.0,130.0,1.0,392.0,19,Ecuador,2
1991.0,135.0,56.0,1363.0,20,Peru,2
1991.0,140.0,10.0,2694.0,21,Brazil,2
1991.0,145.0,4.0,139.0,22,Bolivia (Plurinational State of),2
1991.0,150.0,0.0,63.0,23,Paraguay,2
1991.0,155.0,9.0,1065.0,24,Chile,2
1991.0,160.0,8.0,1511.0,25,Argentina,2
1991.0,165.0,1.0,292.0,26,Uruguay,2
1991.0,200.0,119.0,38366.0,27,United Kingdom of Great Britain and Northern Ireland,2
1991.0,205.0,5.0,894.0,28,Ireland,2
1991.0,210.0,10.0,4992.0,29,Netherlands,2
1991.0,211.0,22.0,5483.0,30,Belgium,2
1991.0,220.0,64.0,14052.0,31,France,2
1991.0,225.0,11.0,4787.0,32,Switzerland,2
1991.0,230.0,27.0,3411.0,33,Spain,2
1991.0,235.0,4.0,1078.0,34,Portugal,2
1991.0,255.0,61.0,17032.0,35,Germany,2
1991.0,260.0,17.0,4056.0,36,Federal Republic of Germany,2
1991.0,265.0,17.0,4056.0,37,German Democratic Republic,2
1991.0,290.0,13.0,2299.0,38,Poland,2
1991.0,305.0,18.0,5805.0,39,Austria,2
1991.0,310.0,2.0,1188.0,40,Hungary,2
1991.0,315.0,2.0,1226.0,41,Czechoslovakia,2
1991.0,316.0,17.0,4056.0,42,Czech Republic,2
1991.0,317.0,17.0,4056.0,43,Slovakia,2
1991.0,325.0,34.0,5630.0,44,Italy,2
1991.0,339.0,14.0,1011.0,45,Albania,2
1991.0,344.0,17.0,4056.0,46,Croatia,2
1991.0,346.0,17.0,4056.0,47,Bosnia and Herzegovina,2
1991.0,349.0,17.0,4056.0,48,Slovenia,2
1991.0,350.0,13.0,1004.0,49,Greece,2
1991.0,352.0,7.0,1603.0,50,Cyprus,2
1991.0,355.0,5.0,812.0,51,Bulgaria,2
1991.0,359.0,17.0,4056.0,52,Republic of Moldova,2
1991.0,360.0,29.0,1537.0,53,Romania,2
1991.0,365.0,127.0,16697.0,54,Russian Federation,2
1991.0,366.0,17.0,4056.0,55,Estonia,2
1991.0,367.0,17.0,4056.0,56,Latvia,2
1991.0,368.0,17.0,4056.0,57,Lithuania,2
1991.0,369.0,1.0,228.0,58,Ukraine,2
1991.0,370.0,17.0,4056.0,59,Belarus,2
1991.0,371.0,17.0,4056.0,60,Armenia,2
1991.0,372.0,17.0,4056.0,61,Georgia,2
1991.0,373.0,17.0,4056.0,62,Azerbaijan,2
1991.0,375.0,4.0,1721.0,63,Finland,2
1991.0,380.0,2.0,3870.0,64,Sweden,2
1991.0,385.0,3.0,1940.0,65,Norway,2
1991.0,390.0,0.0,1260.0,66,Denmark,2
1991.0,404.0,0.0,66.0,67,Guinea Bissau,2
1991.0,411.0,0.0,2.0,68,Equatorial Guinea,2
1991.0,420.0,0.0,68.0,69,Gambia (Islamic Republic of the),2
1991.0,432.0,6.0,252.0,70,Mali,2
1991.0,433.0,3.0,182.0,71,Senegal,2
1991.0,434.0,2.0,95.0,72,Benin,2
1991.0,435.0,1.0,94.0,73,Mauritania,2
1991.0,436.0,13.0,116.0,74,Niger,2
1991.0,437.0,12.0,384.0,75,Côte D'Ivoire,2
1991.0,438.0,2.0,49.0,76,Guinea,2
1991.0,439.0,3.0,118.0,77,Burkina Faso,2
1991.0,450.0,11.0,619.0,78,Liberia,2
1991.0,451.0,11.0,255.0,79,Sierra Leone,2
1991.0,452.0,4.0,286.0,80,Ghana,2
1991.0,461.0,12.0,365.0,81,Togo,2
1991.0,471.0,16.0,429.0,82,Cameroon,2
1991.0,475.0,7.0,1347.0,83,Nigeria,2
1991.0,481.0,2.0,64.0,84,Gabon,2
1991.0,482.0,3.0,38.0,85,Central African Republic,2
1991.0,483.0,1.0,105.0,86,Chad,2
1991.0,484.0,0.0,120.0,87,Congo,2
1991.0,490.0,8.0,878.0,88,Democratic Republic of the Congo,2
1991.0,500.0,5.0,193.0,89,Uganda,2
1991.0,501.0,22.0,933.0,90,Kenya,2
1991.0,510.0,1.0,148.0,91,United Republic of Tanzania,2
1991.0,516.0,3.0,38.0,92,Burundi,2
1991.0,517.0,11.0,148.0,93,Rwanda,2
1991.0,520.0,2.0,305.0,94,Somalia,2
1991.0,522.0,0.0,6.0,95,Djibouti,2
1991.0,530.0,35.0,837.0,96,Ethiopia,2
1991.0,531.0,0.0,0.0,97,Eritrea,2
1991.0,540.0,9.0,546.0,98,Angola,2
1991.0,541.0,12.0,404.0,99,Mozambique,2
1991.0,551.0,1.0,378.0,100,Zambia,2
1991.0,552.0,1.0,607.0,101,Zimbabwe,2
1991.0,553.0,1.0,36.0,102,Malawi,2
1991.0,560.0,64.0,4849.0,103,South Africa,2
1991.0,565.0,0.0,127.0,104,Namibia,2
1991.0,571.0,0.0,85.0,105,Botswana,2
1991.0,580.0,12.0,271.0,106,Madagascar,2
1991.0,581.0,0.0,15.0,107,Comoros,2
1991.0,591.0,0.0,24.0,108,Seychelles,2
1991.0,600.0,16.0,672.0,109,Morocco,2
1991.0,615.0,16.0,1391.0,110,Algeria,2
1991.0,616.0,6.0,596.0,111,Tunisia,2
1991.0,620.0,2.0,683.0,112,Libya,2
1991.0,625.0,9.0,512.0,113,Sudan,2
1991.0,630.0,14.0,2819.0,114,Iran (Islamic Republic of),2
1991.0,640.0,85.0,3387.0,115,Turkey,2
1991.0,651.0,13.0,2269.0,116,Egypt,2
1991.0,652.0,17.0,1556.0,117,Syrian Arab Republic,2
1991.0,660.0,30.0,1529.0,118,Lebanon,2
1991.0,663.0,9.0,1726.0,119,Jordan,2
1991.0,666.0,63.0,5127.0,120,Israel,2
1991.0,670.0,12.0,2458.0,121,Saudi Arabia,2
1991.0,678.0,17.0,4056.0,122,Yemen Arab Republic,2
1991.0,679.0,6.0,252.0,123,Yemen,2
1991.0,680.0,17.0,4056.0,124,Yemen People's Republic,2
1991.0,690.0,16.0,2563.0,125,Kuwait,2
1991.0,692.0,0.0,722.0,126,Bahrain,2
1991.0,694.0,0.0,212.0,127,Qatar,2
1991.0,696.0,0.0,670.0,128,United Arab Emirates,2
1991.0,698.0,0.0,184.0,129,Oman,2
1991.0,700.0,45.0,605.0,130,Afghanistan,2
1991.0,701.0,0.0,65.0,131,Turkmenistan,2
1991.0,702.0,0.0,19.0,132,Tajikistan,2
1991.0,703.0,0.0,17.0,133,Kyrgyzstan,2
1991.0,704.0,0.0,17.0,134,Uzbekistan,2
1991.0,705.0,0.0,25.0,135,Kazakhstan,2
1991.0,710.0,21.0,4631.0,136,China,2
1991.0,712.0,0.0,178.0,137,Mongolia,2
1991.0,713.0,17.0,4056.0,138,"Taiwan, Province of China",2
1991.0,732.0,83.0,4183.0,139,Republic of Korea,2
1991.0,740.0,26.0,21062.0,140,Japan,2
1991.0,750.0,73.0,3905.0,141,India,2
1991.0,760.0,0.0,18.0,142,Bhutan,2
1991.0,770.0,45.0,3291.0,143,Pakistan,2
1991.0,771.0,22.0,1202.0,144,Bangladesh,2
1991.0,775.0,11.0,323.0,145,Myanmar,2
1991.0,780.0,86.0,1477.0,146,Sri Lanka,2
1991.0,790.0,4.0,182.0,147,Nepal,2
1991.0,800.0,17.0,2339.0,148,Thailand,2
1991.0,811.0,7.0,759.0,149,Cambodia,2
1991.0,812.0,0.0,63.0,150,Lao People's Democratic Republic,2
1991.0,816.0,2.0,1218.0,151,Viet Nam,2
1991.0,820.0,2.0,4489.0,152,Malaysia,2
1991.0,830.0,1.0,3468.0,153,Singapore,2
1991.0,835.0,0.0,46.0,154,Brunei Darussalam,2
1991.0,840.0,56.0,3832.0,155,Philippines,2
1991.0,850.0,16.0,2193.0,156,Indonesia,2
1991.0,860.0,17.0,4056.0,157,Timor-Leste,2
1991.0,900.0,7.0,1583.0,158,Australia,2
1991.0,910.0,1.0,168.0,159,Papua New Guinea,2
1991.0,920.0,6.0,1995.0,160,New Zealand,2
1991.0,946.0,0.0,2.0,161,Kiribati,2
1991.0,955.0,0.0,10.0,162,Tonga,2
1991.0,970.0,0.0,4.0,163,Nauru,2
1992.0,2.0,251.0,151180.0,1,United States of America,3
1992.0,20.0,22.0,12862.0,2,Canada,3
1992.0,41.0,7.0,402.0,3,Haiti,3
1992.0,42.0,1.0,85.0,4,Dominican Republic,3
1992.0,51.0,0.0,224.0,5,Jamaica,3
1992.0,52.0,0.0,104.0,6,Trinidad and Tobago,3
1992.0,70.0,8.0,2651.0,7,Mexico,3
1992.0,80.0,0.0,15.0,8,Belize,3
1992.0,90.0,12.0,360.0,9,Guatemala,3
1992.0,91.0,2.0,137.0,10,Honduras,3
1992.0,92.0,21.0,534.0,11,El Salvador,3
1992.0,93.0,5.0,255.0,12,Nicaragua,3
1992.0,94.0,2.0,168.0,13,Costa Rica,3
1992.0,95.0,3.0,284.0,14,Panama,3
1992.0,100.0,52.0,1818.0,15,Colombia,3
1992.0,101.0,16.0,1901.0,16,"Venezuela, Bolivarian Republic of",3
1992.0,110.0,0.0,37.0,17,Guyana,3
1992.0,115.0,0.0,57.0,18,Suriname,3
1992.0,130.0,0.0,453.0,19,Ecuador,3
1992.0,135.0,61.0,1534.0,20,Peru,3
1992.0,140.0,22.0,4329.0,21,Brazil,3
1992.0,145.0,2.0,181.0,22,Bolivia (Plurinational State of),3
1992.0,150.0,0.0,68.0,23,Paraguay,3
1992.0,155.0,3.0,1374.0,24,Chile,3
1992.0,160.0,6.0,2057.0,25,Argentina,3
1992.0,165.0,2.0,351.0,26,Uruguay,3
1992.0,200.0,137.0,41266.0,27,United Kingdom of Great Britain and Northern Ireland,3
1992.0,205.0,13.0,1561.0,28,Ireland,3
1992.0,210.0,7.0,5070.0,29,Netherlands,3
1992.0,211.0,16.0,6188.0,30,Belgium,3
1992.0,220.0,109.0,16034.0,31,France,3
1992.0,225.0,16.0,5186.0,32,Switzerland,3
1992.0,230.0,33.0,3901.0,33,Spain,3
1992.0,235.0,10.0,1981.0,34,Portugal,3
1992.0,255.0,104.0,20446.0,35,Germany,3
1992.0,260.0,17.0,4056.0,36,Federal Republic of Germany,3
1992.0,265.0,17.0,4056.0,37,German Democratic Republic,3
1992.0,290.0,12.0,1807.0,38,Poland,3
1992.0,305.0,22.0,7893.0,39,Austria,3
1992.0,310.0,3.0,1060.0,40,Hungary,3
1992.0,315.0,10.0,1277.0,41,Czechoslovakia,3
1992.0,316.0,17.0,4056.0,42,Czech Republic,3
1992.0,317.0,17.0,4056.0,43,Slovakia,3
1992.0,325.0,35.0,7456.0,44,Italy,3
1992.0,339.0,5.0,528.0,45,Albania,3
1992.0,344.0,75.0,2949.0,46,Croatia,3
1992.0,346.0,17.0,4056.0,47,Bosnia and Herzegovina,3
1992.0,349.0,1.0,187.0,48,Slovenia,3
1992.0,350.0,17.0,1092.0,49,Greece,3
1992.0,352.0,12.0,1132.0,50,Cyprus,3
1992.0,355.0,3.0,872.0,51,Bulgaria,3
1992.0,359.0,6.0,340.0,52,Republic of Moldova,3
1992.0,360.0,20.0,1277.0,53,Romania,3
1992.0,365.0,106.0,11485.0,54,Russian Federation,3
1992.0,366.0,2.0,195.0,55,Estonia,3
1992.0,367.0,0.0,154.0,56,Latvia,3
1992.0,368.0,1.0,297.0,57,Lithuania,3
1992.0,369.0,10.0,1453.0,58,Ukraine,3
1992.0,370.0,1.0,149.0,59,Belarus,3
1992.0,371.0,7.0,332.0,60,Armenia,3
1992.0,372.0,25.0,765.0,61,Georgia,3
1992.0,373.0,8.0,808.0,62,Azerbaijan,3
1992.0,375.0,3.0,2764.0,63,Finland,3
1992.0,380.0,7.0,4078.0,64,Sweden,3
1992.0,385.0,3.0,2482.0,65,Norway,3
1992.0,390.0,4.0,2328.0,66,Denmark,3
1992.0,404.0,0.0,38.0,67,Guinea Bissau,3
1992.0,411.0,0.0,10.0,68,Equatorial Guinea,3
1992.0,420.0,1.0,68.0,69,Gambia (Islamic Republic of the),3
1992.0,432.0,1.0,145.0,70,Mali,3
1992.0,433.0,6.0,238.0,71,Senegal,3
1992.0,434.0,1.0,31.0,72,Benin,3
1992.0,435.0,0.0,83.0,73,Mauritania,3
1992.0,436.0,7.0,230.0,74,Niger,3
1992.0,437.0,10.0,423.0,75,Côte D'Ivoire,3
1992.0,438.0,8.0,93.0,76,Guinea,3
1992.0,439.0,1.0,38.0,77,Burkina Faso,3
1992.0,450.0,15.0,680.0,78,Liberia,3
1992.0,451.0,4.0,309.0,79,Sierra Leone,3
1992.0,452.0,5.0,266.0,80,Ghana,3
1992.0,461.0,9.0,293.0,81,Togo,3
1992.0,471.0,8.0,335.0,82,Cameroon,3
1992.0,475.0,13.0,1463.0,83,Nigeria,3
1992.0,481.0,1.0,74.0,84,Gabon,3
1992.0,482.0,3.0,79.0,85,Central African Republic,3
1992.0,483.0,7.0,265.0,86,Chad,3
1992.0,484.0,2.0,210.0,87,Congo,3
1992.0,490.0,13.0,593.0,88,Democratic Republic of the Congo,3
1992.0,500.0,4.0,217.0,89,Uganda,3
1992.0,501.0,14.0,1118.0,90,Kenya,3
1992.0,510.0,3.0,241.0,91,United Republic of Tanzania,3
1992.0,516.0,0.0,49.0,92,Burundi,3
1992.0,517.0,10.0,286.0,93,Rwanda,3
1992.0,520.0,8.0,820.0,94,Somalia,3
1992.0,522.0,0.0,1.0,95,Djibouti,3
1992.0,530.0,8.0,460.0,96,Ethiopia,3
1992.0,531.0,0.0,2.0,97,Eritrea,3
1992.0,540.0,29.0,892.0,98,Angola,3
1992.0,541.0,9.0,423.0,99,Mozambique,3
1992.0,551.0,4.0,322.0,100,Zambia,3
1992.0,552.0,5.0,706.0,101,Zimbabwe,3
1992.0,553.0,3.0,142.0,102,Malawi,3
1992.0,560.0,79.0,6680.0,103,South Africa,3
1992.0,565.0,0.0,161.0,104,Namibia,3
1992.0,571.0,0.0,78.0,105,Botswana,3
1992.0,580.0,3.0,99.0,106,Madagascar,3
1992.0,581.0,1.0,21.0,107,Comoros,3
1992.0,591.0,0.0,61.0,108,Seychelles,3
1992.0,600.0,8.0,667.0,109,Morocco,3
1992.0,615.0,89.0,2004.0,110,Algeria,3
1992.0,616.0,3.0,528.0,111,Tunisia,3
1992.0,620.0,2.0,1076.0,112,Libya,3
1992.0,625.0,8.0,603.0,113,Sudan,3
1992.0,630.0,27.0,2541.0,114,Iran (Islamic Republic of),3
1992.0,640.0,111.0,3676.0,115,Turkey,3
1992.0,651.0,24.0,2262.0,116,Egypt,3
1992.0,652.0,2.0,995.0,117,Syrian Arab Republic,3
1992.0,660.0,65.0,1552.0,118,Lebanon,3
1992.0,663.0,5.0,1103.0,119,Jordan,3
1992.0,666.0,146.0,4721.0,120,Israel,3
1992.0,670.0,5.0,1525.0,121,Saudi Arabia,3
1992.0,678.0,17.0,4056.0,122,Yemen Arab Republic,3
1992.0,679.0,8.0,383.0,123,Yemen,3
1992.0,680.0,17.0,4056.0,124,Yemen People's Republic,3
1992.0,690.0,11.0,1554.0,125,Kuwait,3
1992.0,692.0,0.0,679.0,126,Bahrain,3
1992.0,694.0,0.0,338.0,127,Qatar,3
1992.0,696.0,1.0,1089.0,128,United Arab Emirates,3
1992.0,698.0,0.0,241.0,129,Oman,3
1992.0,700.0,70.0,1298.0,130,Afghanistan,3
1992.0,701.0,0.0,160.0,131,Turkmenistan,3
1992.0,702.0,3.0,342.0,132,Tajikistan,3
1992.0,703.0,0.0,101.0,133,Kyrgyzstan,3
1992.0,704.0,4.0,238.0,134,Uzbekistan,3
1992.0,705.0,0.0,313.0,135,Kazakhstan,3
1992.0,710.0,27.0,5798.0,136,China,3
1992.0,712.0,0.0,143.0,137,Mongolia,3
1992.0,713.0,17.0,4056.0,138,"Taiwan, Province of China",3
1992.0,732.0,29.0,4046.0,139,Republic of Korea,3
1992.0,740.0,30.0,21683.0,140,Japan,3
1992.0,750.0,82.0,4153.0,141,India,3
1992.0,760.0,0.0,16.0,142,Bhutan,3
1992.0,770.0,29.0,3975.0,143,Pakistan,3
1992.0,771.0,32.0,1592.0,144,Bangladesh,3
1992.0,775.0,11.0,510.0,145,Myanmar,3
1992.0,780.0,92.0,1420.0,146,Sri Lanka,3
1992.0,790.0,1.0,181.0,147,Nepal,3
1992.0,800.0,40.0,2779.0,148,Thailand,3
1992.0,811.0,16.0,902.0,149,Cambodia,3
1992.0,812.0,0.0,78.0,150,Lao People's Democratic Republic,3
1992.0,816.0,7.0,1379.0,151,Viet Nam,3
1992.0,820.0,5.0,4985.0,152,Malaysia,3
1992.0,830.0,4.0,3491.0,153,Singapore,3
1992.0,835.0,0.0,84.0,154,Brunei Darussalam,3
1992.0,840.0,77.0,4224.0,155,Philippines,3
1992.0,850.0,9.0,2233.0,156,Indonesia,3
1992.0,860.0,17.0,4056.0,157,Timor-Leste,3
1992.0,900.0,6.0,1908.0,158,Australia,3
1992.0,910.0,2.0,192.0,159,Papua New Guinea,3
1992.0,920.0,6.0,2932.0,160,New Zealand,3
1992.0,946.0,0.0,1.0,161,Kiribati,3
1992.0,955.0,0.0,10.0,162,Tonga,3
1992.0,970.0,0.0,6.0,163,Nauru,3
1993.0,2.0,256.0,177717.0,1,United States of America,4
1993.0,20.0,17.0,16576.0,2,Canada,4
1993.0,41.0,8.0,882.0,3,Haiti,4
1993.0,42.0,1.0,109.0,4,Dominican Republic,4
1993.0,51.0,2.0,220.0,5,Jamaica,4
1993.0,52.0,0.0,111.0,6,Trinidad and Tobago,4
1993.0,70.0,13.0,3876.0,7,Mexico,4
1993.0,80.0,0.0,36.0,8,Belize,4
1993.0,90.0,18.0,639.0,9,Guatemala,4
1993.0,91.0,2.0,221.0,10,Honduras,4
1993.0,92.0,10.0,467.0,11,El Salvador,4
1993.0,93.0,14.0,377.0,12,Nicaragua,4
1993.0,94.0,1.0,215.0,13,Costa Rica,4
1993.0,95.0,3.0,357.0,14,Panama,4
1993.0,100.0,28.0,2440.0,15,Colombia,4
1993.0,101.0,3.0,2448.0,16,"Venezuela, Bolivarian Republic of",4
1993.0,110.0,0.0,24.0,17,Guyana,4
1993.0,115.0,0.0,48.0,18,Suriname,4
1993.0,130.0,3.0,809.0,19,Ecuador,4
1993.0,135.0,34.0,1590.0,20,Peru,4
1993.0,140.0,16.0,5644.0,21,Brazil,4
1993.0,145.0,2.0,166.0,22,Bolivia (Plurinational State of),4
1993.0,150.0,0.0,99.0,23,Paraguay,4
1993.0,155.0,4.0,1858.0,24,Chile,4
1993.0,160.0,13.0,2575.0,25,Argentina,4
1993.0,165.0,3.0,402.0,26,Uruguay,4
1993.0,200.0,178.0,46520.0,27,United Kingdom of Great Britain and Northern Ireland,4
1993.0,205.0,9.0,3293.0,28,Ireland,4
1993.0,210.0,8.0,5397.0,29,Netherlands,4
1993.0,211.0,31.0,7803.0,30,Belgium,4
1993.0,220.0,103.0,18637.0,31,France,4
1993.0,225.0,13.0,6433.0,32,Switzerland,4
1993.0,230.0,24.0,4385.0,33,Spain,4
1993.0,235.0,8.0,2003.0,34,Portugal,4
1993.0,255.0,111.0,24169.0,35,Germany,4
1993.0,260.0,17.0,4056.0,36,Federal Republic of Germany,4
1993.0,265.0,17.0,4056.0,37,German Democratic Republic,4
1993.0,290.0,17.0,2346.0,38,Poland,4
1993.0,305.0,20.0,8782.0,39,Austria,4
1993.0,310.0,6.0,1475.0,40,Hungary,4
1993.0,315.0,17.0,4056.0,41,Czechoslovakia,4
1993.0,316.0,3.0,1285.0,42,Czech Republic,4
1993.0,317.0,5.0,776.0,43,Slovakia,4
1993.0,325.0,57.0,9722.0,44,Italy,4
1993.0,339.0,4.0,498.0,45,Albania,4
1993.0,344.0,87.0,5532.0,46,Croatia,4
1993.0,346.0,55.0,2251.0,47,Bosnia and Herzegovina,4
1993.0,349.0,1.0,181.0,48,Slovenia,4
1993.0,350.0,12.0,1788.0,49,Greece,4
1993.0,352.0,12.0,1354.0,50,Cyprus,4
1993.0,355.0,5.0,1792.0,51,Bulgaria,4
1993.0,359.0,1.0,216.0,52,Republic of Moldova,4
1993.0,360.0,28.0,2334.0,53,Romania,4
1993.0,365.0,122.0,14240.0,54,Russian Federation,4
1993.0,366.0,2.0,188.0,55,Estonia,4
1993.0,367.0,0.0,135.0,56,Latvia,4
1993.0,368.0,0.0,192.0,57,Lithuania,4
1993.0,369.0,14.0,1673.0,58,Ukraine,4
1993.0,370.0,4.0,257.0,59,Belarus,4
1993.0,371.0,0.0,210.0,60,Armenia,4
1993.0,372.0,53.0,1122.0,61,Georgia,4
1993.0,373.0,6.0,941.0,62,Azerbaijan,4
1993.0,375.0,6.0,2950.0,63,Finland,4
1993.0,380.0,8.0,4693.0,64,Sweden,4
1993.0,385.0,4.0,2323.0,65,Norway,4
1993.0,390.0,9.0,2532.0,66,Denmark,4
1993.0,404.0,0.0,36.0,67,Guinea Bissau,4
1993.0,411.0,0.0,37.0,68,Equatorial Guinea,4
1993.0,420.0,0.0,27.0,69,Gambia (Islamic Republic of the),4
1993.0,432.0,1.0,83.0,70,Mali,4
1993.0,433.0,9.0,224.0,71,Senegal,4
1993.0,434.0,0.0,78.0,72,Benin,4
1993.0,435.0,1.0,30.0,73,Mauritania,4
1993.0,436.0,7.0,153.0,74,Niger,4
1993.0,437.0,4.0,588.0,75,Côte D'Ivoire,4
1993.0,438.0,7.0,119.0,76,Guinea,4
1993.0,439.0,2.0,62.0,77,Burkina Faso,4
1993.0,450.0,6.0,599.0,78,Liberia,4
1993.0,451.0,4.0,307.0,79,Sierra Leone,4
1993.0,452.0,1.0,253.0,80,Ghana,4
1993.0,461.0,6.0,288.0,81,Togo,4
1993.0,471.0,3.0,228.0,82,Cameroon,4
1993.0,475.0,27.0,2155.0,83,Nigeria,4
1993.0,481.0,4.0,202.0,84,Gabon,4
1993.0,482.0,0.0,109.0,85,Central African Republic,4
1993.0,483.0,3.0,134.0,86,Chad,4
1993.0,484.0,5.0,239.0,87,Congo,4
1993.0,490.0,5.0,555.0,88,Democratic Republic of the Congo,4
1993.0,500.0,1.0,343.0,89,Uganda,4
1993.0,501.0,11.0,1108.0,90,Kenya,4
1993.0,510.0,4.0,233.0,91,United Republic of Tanzania,4
1993.0,516.0,2.0,210.0,92,Burundi,4
1993.0,517.0,15.0,306.0,93,Rwanda,4
1993.0,520.0,31.0,1428.0,94,Somalia,4
1993.0,522.0,0.0,8.0,95,Djibouti,4
1993.0,530.0,8.0,431.0,96,Ethiopia,4
1993.0,531.0,0.0,82.0,97,Eritrea,4
1993.0,540.0,63.0,1519.0,98,Angola,4
1993.0,541.0,14.0,415.0,99,Mozambique,4
1993.0,551.0,7.0,452.0,100,Zambia,4
1993.0,552.0,6.0,1600.0,101,Zimbabwe,4
1993.0,553.0,5.0,261.0,102,Malawi,4
1993.0,560.0,142.0,10745.0,103,South Africa,4
1993.0,565.0,2.0,192.0,104,Namibia,4
1993.0,571.0,0.0,59.0,105,Botswana,4
1993.0,580.0,0.0,68.0,106,Madagascar,4
1993.0,581.0,0.0,33.0,107,Comoros,4
1993.0,591.0,0.0,21.0,108,Seychelles,4
1993.0,600.0,9.0,907.0,109,Morocco,4
1993.0,615.0,41.0,1401.0,110,Algeria,4
1993.0,616.0,1.0,651.0,111,Tunisia,4
1993.0,620.0,0.0,537.0,112,Libya,4
1993.0,625.0,11.0,644.0,113,Sudan,4
1993.0,630.0,30.0,2777.0,114,Iran (Islamic Republic of),4
1993.0,640.0,80.0,3502.0,115,Turkey,4
1993.0,651.0,95.0,3017.0,116,Egypt,4
1993.0,652.0,2.0,1169.0,117,Syrian Arab Republic,4
1993.0,660.0,64.0,1620.0,118,Lebanon,4
1993.0,663.0,5.0,1308.0,119,Jordan,4
1993.0,666.0,207.0,6665.0,120,Israel,4
1993.0,670.0,6.0,1764.0,121,Saudi Arabia,4
1993.0,678.0,17.0,4056.0,122,Yemen Arab Republic,4
1993.0,679.0,6.0,635.0,123,Yemen,4
1993.0,680.0,17.0,4056.0,124,Yemen People's Republic,4
1993.0,690.0,10.0,2367.0,125,Kuwait,4
1993.0,692.0,1.0,955.0,126,Bahrain,4
1993.0,694.0,0.0,377.0,127,Qatar,4
1993.0,696.0,1.0,1357.0,128,United Arab Emirates,4
1993.0,698.0,0.0,498.0,129,Oman,4
1993.0,700.0,44.0,957.0,130,Afghanistan,4
1993.0,701.0,0.0,141.0,131,Turkmenistan,4
1993.0,702.0,2.0,285.0,132,Tajikistan,4
1993.0,703.0,0.0,128.0,133,Kyrgyzstan,4
1993.0,704.0,4.0,368.0,134,Uzbekistan,4
1993.0,705.0,0.0,357.0,135,Kazakhstan,4
1993.0,710.0,22.0,8538.0,136,China,4
1993.0,712.0,0.0,132.0,137,Mongolia,4
1993.0,713.0,17.0,4056.0,138,"Taiwan, Province of China",4
1993.0,732.0,23.0,4150.0,139,Republic of Korea,4
1993.0,740.0,27.0,21645.0,140,Japan,4
1993.0,750.0,70.0,8492.0,141,India,4
1993.0,760.0,0.0,34.0,142,Bhutan,4
1993.0,770.0,27.0,4888.0,143,Pakistan,4
1993.0,771.0,26.0,1947.0,144,Bangladesh,4
1993.0,775.0,2.0,326.0,145,Myanmar,4
1993.0,780.0,68.0,2016.0,146,Sri Lanka,4
1993.0,790.0,1.0,194.0,147,Nepal,4
1993.0,800.0,22.0,2990.0,148,Thailand,4
1993.0,811.0,28.0,1431.0,149,Cambodia,4
1993.0,812.0,0.0,59.0,150,Lao People's Democratic Republic,4
1993.0,816.0,4.0,1581.0,151,Viet Nam,4
1993.0,820.0,6.0,6061.0,152,Malaysia,4
1993.0,830.0,5.0,4112.0,153,Singapore,4
1993.0,835.0,0.0,62.0,154,Brunei Darussalam,4
1993.0,840.0,67.0,5629.0,155,Philippines,4
1993.0,850.0,19.0,3094.0,156,Indonesia,4
1993.0,860.0,17.0,4056.0,157,Timor-Leste,4
1993.0,900.0,4.0,2427.0,158,Australia,4
1993.0,910.0,2.0,170.0,159,Papua New Guinea,4
1993.0,920.0,6.0,3463.0,160,New Zealand,4
1993.0,946.0,0.0,0.0,161,Kiribati,4
1993.0,955.0,0.0,9.0,162,Tonga,4
1993.0,970.0,0.0,8.0,163,Nauru,4
1994.0,2.0,342.0,194368.0,1,United States of America,5
1994.0,20.0,28.0,17320.0,2,Canada,5
1994.0,41.0,27.0,1675.0,3,Haiti,5
1994.0,42.0,4.0,180.0,4,Dominican Republic,5
1994.0,51.0,0.0,226.0,5,Jamaica,5
1994.0,52.0,1.0,85.0,6,Trinidad and Tobago,5
1994.0,70.0,30.0,4987.0,7,Mexico,5
1994.0,80.0,0.0,24.0,8,Belize,5
1994.0,90.0,5.0,391.0,9,Guatemala,5
1994.0,91.0,4.0,266.0,10,Honduras,5
1994.0,92.0,13.0,458.0,11,El Salvador,5
1994.0,93.0,3.0,288.0,12,Nicaragua,5
1994.0,94.0,0.0,179.0,13,Costa Rica,5
1994.0,95.0,0.0,502.0,14,Panama,5
1994.0,100.0,48.0,2664.0,15,Colombia,5
1994.0,101.0,36.0,2516.0,16,"Venezuela, Bolivarian Republic of",5
1994.0,110.0,0.0,22.0,17,Guyana,5
1994.0,115.0,1.0,83.0,18,Suriname,5
1994.0,130.0,10.0,665.0,19,Ecuador,5
1994.0,135.0,16.0,2503.0,20,Peru,5
1994.0,140.0,21.0,6082.0,21,Brazil,5
1994.0,145.0,6.0,172.0,22,Bolivia (Plurinational State of),5
1994.0,150.0,2.0,101.0,23,Paraguay,5
1994.0,155.0,9.0,2361.0,24,Chile,5
1994.0,160.0,12.0,3110.0,25,Argentina,5
1994.0,165.0,4.0,300.0,26,Uruguay,5
1994.0,200.0,211.0,54528.0,27,United Kingdom of Great Britain and Northern Ireland,5
1994.0,205.0,9.0,3836.0,28,Ireland,5
1994.0,210.0,16.0,6812.0,29,Netherlands,5
1994.0,211.0,18.0,8211.0,30,Belgium,5
1994.0,220.0,119.0,19440.0,31,France,5
1994.0,225.0,11.0,6709.0,32,Switzerland,5
1994.0,230.0,13.0,4856.0,33,Spain,5
1994.0,235.0,11.0,2952.0,34,Portugal,5
1994.0,255.0,83.0,23922.0,35,Germany,5
1994.0,260.0,17.0,4056.0,36,Federal Republic of Germany,5
1994.0,265.0,17.0,4056.0,37,German Democratic Republic,5
1994.0,290.0,22.0,4723.0,38,Poland,5
1994.0,305.0,35.0,10869.0,39,Austria,5
1994.0,310.0,12.0,2719.0,40,Hungary,5
1994.0,315.0,17.0,4056.0,41,Czechoslovakia,5
1994.0,316.0,7.0,2251.0,42,Czech Republic,5
1994.0,317.0,4.0,1168.0,43,Slovakia,5
1994.0,325.0,62.0,10323.0,44,Italy,5
1994.0,339.0,7.0,723.0,45,Albania,5
1994.0,344.0,73.0,5160.0,46,Croatia,5
1994.0,346.0,19.0,1623.0,47,Bosnia and Herzegovina,5
1994.0,349.0,1.0,659.0,48,Slovenia,5
1994.0,350.0,20.0,3693.0,49,Greece,5
1994.0,352.0,10.0,969.0,50,Cyprus,5
1994.0,355.0,0.0,1925.0,51,Bulgaria,5
1994.0,359.0,2.0,303.0,52,Republic of Moldova,5
1994.0,360.0,32.0,2924.0,53,Romania,5
1994.0,365.0,84.0,14440.0,54,Russian Federation,5
1994.0,366.0,0.0,307.0,55,Estonia,5
1994.0,367.0,1.0,216.0,56,Latvia,5
1994.0,368.0,0.0,235.0,57,Lithuania,5
1994.0,369.0,7.0,1738.0,58,Ukraine,5
1994.0,370.0,3.0,371.0,59,Belarus,5
1994.0,371.0,0.0,95.0,60,Armenia,5
1994.0,372.0,7.0,527.0,61,Georgia,5
1994.0,373.0,6.0,416.0,62,Azerbaijan,5
1994.0,375.0,14.0,6817.0,63,Finland,5
1994.0,380.0,7.0,4811.0,64,Sweden,5
1994.0,385.0,8.0,2624.0,65,Norway,5
1994.0,390.0,3.0,2121.0,66,Denmark,5
1994.0,404.0,2.0,166.0,67,Guinea Bissau,5
1994.0,411.0,0.0,26.0,68,Equatorial Guinea,5
1994.0,420.0,1.0,185.0,69,Gambia (Islamic Republic of the),5
1994.0,432.0,4.0,260.0,70,Mali,5
1994.0,433.0,5.0,211.0,71,Senegal,5
1994.0,434.0,1.0,83.0,72,Benin,5
1994.0,435.0,0.0,66.0,73,Mauritania,5
1994.0,436.0,12.0,566.0,74,Niger,5
1994.0,437.0,5.0,771.0,75,Côte D'Ivoire,5
1994.0,438.0,1.0,76.0,76,Guinea,5
1994.0,439.0,1.0,66.0,77,Burkina Faso,5
1994.0,450.0,9.0,665.0,78,Liberia,5
1994.0,451.0,10.0,408.0,79,Sierra Leone,5
1994.0,452.0,4.0,573.0,80,Ghana,5
1994.0,461.0,5.0,252.0,81,Togo,5
1994.0,471.0,2.0,344.0,82,Cameroon,5
1994.0,475.0,19.0,2199.0,83,Nigeria,5
1994.0,481.0,0.0,96.0,84,Gabon,5
1994.0,482.0,0.0,65.0,85,Central African Republic,5
1994.0,483.0,5.0,159.0,86,Chad,5
1994.0,484.0,2.0,186.0,87,Congo,5
1994.0,490.0,15.0,803.0,88,Democratic Republic of the Congo,5
1994.0,500.0,4.0,660.0,89,Uganda,5
1994.0,501.0,7.0,1414.0,90,Kenya,5
1994.0,510.0,1.0,354.0,91,United Republic of Tanzania,5
1994.0,516.0,6.0,374.0,92,Burundi,5
1994.0,517.0,62.0,1898.0,93,Rwanda,5
1994.0,520.0,21.0,566.0,94,Somalia,5
1994.0,522.0,0.0,0.0,95,Djibouti,5
1994.0,530.0,2.0,399.0,96,Ethiopia,5
1994.0,531.0,0.0,128.0,97,Eritrea,5
1994.0,540.0,59.0,1235.0,98,Angola,5
1994.0,541.0,10.0,567.0,99,Mozambique,5
1994.0,551.0,9.0,427.0,100,Zambia,5
1994.0,552.0,10.0,1948.0,101,Zimbabwe,5
1994.0,553.0,2.0,284.0,102,Malawi,5
1994.0,560.0,159.0,18061.0,103,South Africa,5
1994.0,565.0,2.0,254.0,104,Namibia,5
1994.0,571.0,0.0,144.0,105,Botswana,5
1994.0,580.0,0.0,57.0,106,Madagascar,5
1994.0,581.0,0.0,15.0,107,Comoros,5
1994.0,591.0,0.0,10.0,108,Seychelles,5
1994.0,600.0,9.0,1251.0,109,Morocco,5
1994.0,615.0,21.0,1348.0,110,Algeria,5
1994.0,616.0,7.0,1015.0,111,Tunisia,5
1994.0,620.0,1.0,460.0,112,Libya,5
1994.0,625.0,16.0,811.0,113,Sudan,5
1994.0,630.0,16.0,2623.0,114,Iran (Islamic Republic of),5
1994.0,640.0,39.0,4244.0,115,Turkey,5
1994.0,651.0,108.0,4019.0,116,Egypt,5
1994.0,652.0,4.0,1557.0,117,Syrian Arab Republic,5
1994.0,660.0,36.0,2270.0,118,Lebanon,5
1994.0,663.0,9.0,2147.0,119,Jordan,5
1994.0,666.0,190.0,8006.0,120,Israel,5
1994.0,670.0,4.0,2170.0,121,Saudi Arabia,5
1994.0,678.0,17.0,4056.0,122,Yemen Arab Republic,5
1994.0,679.0,22.0,2460.0,123,Yemen,5
1994.0,680.0,17.0,4056.0,124,Yemen People's Republic,5
1994.0,690.0,6.0,2709.0,125,Kuwait,5
1994.0,692.0,0.0,1155.0,126,Bahrain,5
1994.0,694.0,0.0,615.0,127,Qatar,5
1994.0,696.0,2.0,1647.0,128,United Arab Emirates,5
1994.0,698.0,0.0,579.0,129,Oman,5
1994.0,700.0,41.0,711.0,130,Afghanistan,5
1994.0,701.0,1.0,195.0,131,Turkmenistan,5
1994.0,702.0,9.0,257.0,132,Tajikistan,5
1994.0,703.0,1.0,95.0,133,Kyrgyzstan,5
1994.0,704.0,0.0,269.0,134,Uzbekistan,5
1994.0,705.0,2.0,472.0,135,Kazakhstan,5
1994.0,710.0,40.0,13322.0,136,China,5
1994.0,712.0,1.0,130.0,137,Mongolia,5
1994.0,713.0,17.0,4056.0,138,"Taiwan, Province of China",5
1994.0,732.0,22.0,5033.0,139,Republic of Korea,5
1994.0,740.0,40.0,22752.0,140,Japan,5
1994.0,750.0,82.0,13065.0,141,India,5
1994.0,760.0,0.0,5.0,142,Bhutan,5
1994.0,770.0,35.0,6355.0,143,Pakistan,5
1994.0,771.0,56.0,2878.0,144,Bangladesh,5
1994.0,775.0,15.0,605.0,145,Myanmar,5
1994.0,780.0,25.0,2088.0,146,Sri Lanka,5
1994.0,790.0,3.0,246.0,147,Nepal,5
1994.0,800.0,14.0,3883.0,148,Thailand,5
1994.0,811.0,38.0,1576.0,149,Cambodia,5
1994.0,812.0,0.0,87.0,150,Lao People's Democratic Republic,5
1994.0,816.0,6.0,2242.0,151,Viet Nam,5
1994.0,820.0,5.0,6e3,152,Malaysia,5
1994.0,830.0,6.0,6737.0,153,Singapore,5
1994.0,835.0,0.0,96.0,154,Brunei Darussalam,5
1994.0,840.0,64.0,7025.0,155,Philippines,5
1994.0,850.0,37.0,6113.0,156,Indonesia,5
1994.0,860.0,17.0,4056.0,157,Timor-Leste,5
1994.0,900.0,3.0,2743.0,158,Australia,5
1994.0,910.0,0.0,248.0,159,Papua New Guinea,5
1994.0,920.0,18.0,4916.0,160,New Zealand,5
1994.0,946.0,0.0,3.0,161,Kiribati,5
1994.0,955.0,0.0,12.0,162,Tonga,5
1994.0,970.0,0.0,4.0,163,Nauru,5
1995.0,2.0,301.0,195981.0,1,United States of America,6
1995.0,20.0,30.0,16988.0,2,Canada,6
1995.0,41.0,12.0,536.0,3,Haiti,6
1995.0,42.0,0.0,78.0,4,Dominican Republic,6
1995.0,51.0,2.0,169.0,5,Jamaica,6
1995.0,52.0,0.0,150.0,6,Trinidad and Tobago,6
1995.0,70.0,29.0,7753.0,7,Mexico,6
1995.0,80.0,0.0,34.0,8,Belize,6
1995.0,90.0,9.0,437.0,9,Guatemala,6
1995.0,91.0,0.0,186.0,10,Honduras,6
1995.0,92.0,2.0,866.0,11,El Salvador,6
1995.0,93.0,3.0,241.0,12,Nicaragua,6
1995.0,94.0,1.0,149.0,13,Costa Rica,6
1995.0,95.0,6.0,287.0,14,Panama,6
1995.0,100.0,30.0,3149.0,15,Colombia,6
1995.0,101.0,8.0,2713.0,16,"Venezuela, Bolivarian Republic of",6
1995.0,110.0,0.0,56.0,17,Guyana,6
1995.0,115.0,1.0,59.0,18,Suriname,6
1995.0,130.0,4.0,680.0,19,Ecuador,6
1995.0,135.0,9.0,3365.0,20,Peru,6
1995.0,140.0,14.0,7014.0,21,Brazil,6
1995.0,145.0,4.0,275.0,22,Bolivia (Plurinational State of),6
1995.0,150.0,1.0,79.0,23,Paraguay,6
1995.0,155.0,6.0,2102.0,24,Chile,6
1995.0,160.0,11.0,3975.0,25,Argentina,6
1995.0,165.0,1.0,165.0,26,Uruguay,6
1995.0,200.0,144.0,59900.0,27,United Kingdom of Great Britain and Northern Ireland,6
1995.0,205.0,7.0,3941.0,28,Ireland,6
1995.0,210.0,10.0,7843.0,29,Netherlands,6
1995.0,211.0,30.0,8351.0,30,Belgium,6
1995.0,220.0,174.0,23536.0,31,France,6
1995.0,225.0,8.0,6050.0,32,Switzerland,6
1995.0,230.0,36.0,4994.0,33,Spain,6
1995.0,235.0,9.0,3903.0,34,Portugal,6
1995.0,255.0,71.0,24253.0,35,Germany,6
1995.0,260.0,17.0,4056.0,36,Federal Republic of Germany,6
1995.0,265.0,17.0,4056.0,37,German Democratic Republic,6
1995.0,290.0,28.0,7692.0,38,Poland,6
1995.0,305.0,29.0,17223.0,39,Austria,6
1995.0,310.0,6.0,3755.0,40,Hungary,6
1995.0,315.0,17.0,4056.0,41,Czechoslovakia,6
1995.0,316.0,4.0,3042.0,42,Czech Republic,6
1995.0,317.0,13.0,1531.0,43,Slovakia,6
1995.0,325.0,33.0,10741.0,44,Italy,6
1995.0,339.0,2.0,547.0,45,Albania,6
1995.0,344.0,74.0,5514.0,46,Croatia,6
1995.0,346.0,40.0,2906.0,47,Bosnia and Herzegovina,6
1995.0,349.0,0.0,935.0,48,Slovenia,6
1995.0,350.0,26.0,5032.0,49,Greece,6
1995.0,352.0,10.0,1099.0,50,Cyprus,6
1995.0,355.0,7.0,4044.0,51,Bulgaria,6
1995.0,359.0,3.0,311.0,52,Republic of Moldova,6
1995.0,360.0,12.0,3213.0,53,Romania,6
1995.0,365.0,114.0,16275.0,54,Russian Federation,6
1995.0,366.0,0.0,273.0,55,Estonia,6
1995.0,367.0,3.0,486.0,56,Latvia,6
1995.0,368.0,1.0,346.0,57,Lithuania,6
1995.0,369.0,14.0,1471.0,58,Ukraine,6
1995.0,370.0,1.0,312.0,59,Belarus,6
1995.0,371.0,4.0,107.0,60,Armenia,6
1995.0,372.0,5.0,451.0,61,Georgia,6
1995.0,373.0,1.0,662.0,62,Azerbaijan,6
1995.0,375.0,1.0,6882.0,63,Finland,6
1995.0,380.0,3.0,5378.0,64,Sweden,6
1995.0,385.0,3.0,2806.0,65,Norway,6
1995.0,390.0,5.0,2449.0,66,Denmark,6
1995.0,404.0,0.0,72.0,67,Guinea Bissau,6
1995.0,411.0,0.0,44.0,68,Equatorial Guinea,6
1995.0,420.0,1.0,127.0,69,Gambia (Islamic Republic of the),6
1995.0,432.0,1.0,96.0,70,Mali,6
1995.0,433.0,5.0,230.0,71,Senegal,6
1995.0,434.0,1.0,82.0,72,Benin,6
1995.0,435.0,0.0,118.0,73,Mauritania,6
1995.0,436.0,3.0,267.0,74,Niger,6
1995.0,437.0,10.0,1085.0,75,Côte D'Ivoire,6
1995.0,438.0,3.0,124.0,76,Guinea,6
1995.0,439.0,2.0,104.0,77,Burkina Faso,6
1995.0,450.0,8.0,557.0,78,Liberia,6
1995.0,451.0,25.0,547.0,79,Sierra Leone,6
1995.0,452.0,4.0,639.0,80,Ghana,6
1995.0,461.0,2.0,93.0,81,Togo,6
1995.0,471.0,3.0,214.0,82,Cameroon,6
1995.0,475.0,20.0,2278.0,83,Nigeria,6
1995.0,481.0,1.0,163.0,84,Gabon,6
1995.0,482.0,0.0,68.0,85,Central African Republic,6
1995.0,483.0,2.0,163.0,86,Chad,6
1995.0,484.0,1.0,153.0,87,Congo,6
1995.0,490.0,8.0,831.0,88,Democratic Republic of the Congo,6
1995.0,500.0,6.0,820.0,89,Uganda,6
1995.0,501.0,29.0,1996.0,90,Kenya,6
1995.0,510.0,6.0,568.0,91,United Republic of Tanzania,6
1995.0,516.0,18.0,509.0,92,Burundi,6
1995.0,517.0,9.0,815.0,93,Rwanda,6
1995.0,520.0,12.0,430.0,94,Somalia,6
1995.0,522.0,0.0,7.0,95,Djibouti,6
1995.0,530.0,7.0,434.0,96,Ethiopia,6
1995.0,531.0,1.0,175.0,97,Eritrea,6
1995.0,540.0,18.0,802.0,98,Angola,6
1995.0,541.0,5.0,310.0,99,Mozambique,6
1995.0,551.0,7.0,561.0,100,Zambia,6
1995.0,552.0,8.0,1762.0,101,Zimbabwe,6
1995.0,553.0,7.0,374.0,102,Malawi,6
1995.0,560.0,78.0,12620.0,103,South Africa,6
1995.0,565.0,1.0,169.0,104,Namibia,6
1995.0,571.0,6.0,237.0,105,Botswana,6
1995.0,580.0,0.0,121.0,106,Madagascar,6
1995.0,581.0,4.0,87.0,107,Comoros,6
1995.0,591.0,0.0,8.0,108,Seychelles,6
1995.0,600.0,5.0,1649.0,109,Morocco,6
1995.0,615.0,32.0,1692.0,110,Algeria,6
1995.0,616.0,7.0,1006.0,111,Tunisia,6
1995.0,620.0,8.0,478.0,112,Libya,6
1995.0,625.0,15.0,1070.0,113,Sudan,6
1995.0,630.0,25.0,2633.0,114,Iran (Islamic Republic of),6
1995.0,640.0,80.0,5985.0,115,Turkey,6
1995.0,651.0,112.0,4494.0,116,Egypt,6
1995.0,652.0,2.0,1436.0,117,Syrian Arab Republic,6
1995.0,660.0,37.0,2360.0,118,Lebanon,6
1995.0,663.0,2.0,2407.0,119,Jordan,6
1995.0,666.0,166.0,8387.0,120,Israel,6
1995.0,670.0,3.0,2096.0,121,Saudi Arabia,6
1995.0,678.0,17.0,4056.0,122,Yemen Arab Republic,6
1995.0,679.0,1.0,794.0,123,Yemen,6
1995.0,680.0,17.0,4056.0,124,Yemen People's Republic,6
1995.0,690.0,7.0,2559.0,125,Kuwait,6
1995.0,692.0,4.0,1126.0,126,Bahrain,6
1995.0,694.0,0.0,785.0,127,Qatar,6
1995.0,696.0,3.0,2058.0,128,United Arab Emirates,6
1995.0,698.0,0.0,489.0,129,Oman,6
1995.0,700.0,81.0,849.0,130,Afghanistan,6
1995.0,701.0,0.0,187.0,131,Turkmenistan,6
1995.0,702.0,4.0,243.0,132,Tajikistan,6
1995.0,703.0,0.0,123.0,133,Kyrgyzstan,6
1995.0,704.0,1.0,185.0,134,Uzbekistan,6
1995.0,705.0,0.0,645.0,135,Kazakhstan,6
1995.0,710.0,53.0,15258.0,136,China,6
1995.0,712.0,0.0,168.0,137,Mongolia,6
1995.0,713.0,17.0,4056.0,138,"Taiwan, Province of China",6
1995.0,732.0,47.0,6378.0,139,Republic of Korea,6
1995.0,740.0,33.0,27201.0,140,Japan,6
1995.0,750.0,80.0,15644.0,141,India,6
1995.0,760.0,0.0,8.0,142,Bhutan,6
1995.0,770.0,70.0,6810.0,143,Pakistan,6
1995.0,771.0,42.0,2454.0,144,Bangladesh,6
1995.0,775.0,15.0,879.0,145,Myanmar,6
1995.0,780.0,117.0,3812.0,146,Sri Lanka,6
1995.0,790.0,2.0,343.0,147,Nepal,6
1995.0,800.0,15.0,5607.0,148,Thailand,6
1995.0,811.0,25.0,1560.0,149,Cambodia,6
1995.0,812.0,0.0,149.0,150,Lao People's Democratic Republic,6
1995.0,816.0,7.0,2331.0,151,Viet Nam,6
1995.0,820.0,1.0,5987.0,152,Malaysia,6
1995.0,830.0,9.0,7894.0,153,Singapore,6
1995.0,835.0,0.0,94.0,154,Brunei Darussalam,6
1995.0,840.0,54.0,9284.0,155,Philippines,6
1995.0,850.0,42.0,8548.0,156,Indonesia,6
1995.0,860.0,17.0,4056.0,157,Timor-Leste,6
1995.0,900.0,16.0,3726.0,158,Australia,6
1995.0,910.0,0.0,302.0,159,Papua New Guinea,6
1995.0,920.0,6.0,5809.0,160,New Zealand,6
1995.0,946.0,0.0,2.0,161,Kiribati,6
1995.0,955.0,0.0,4.0,162,Tonga,6
1995.0,970.0,0.0,5.0,163,Nauru,6
1996.0,2.0,302.0,205674.0,1,United States of America,7
1996.0,20.0,16.0,15599.0,2,Canada,7
1996.0,41.0,9.0,343.0,3,Haiti,7
1996.0,42.0,2.0,162.0,4,Dominican Republic,7
1996.0,51.0,0.0,176.0,5,Jamaica,7
1996.0,52.0,0.0,84.0,6,Trinidad and Tobago,7
1996.0,70.0,46.0,8124.0,7,Mexico,7
1996.0,80.0,0.0,25.0,8,Belize,7
1996.0,90.0,6.0,603.0,9,Guatemala,7
1996.0,91.0,5.0,282.0,10,Honduras,7
1996.0,92.0,2.0,520.0,11,El Salvador,7
1996.0,93.0,6.0,478.0,12,Nicaragua,7
1996.0,94.0,1.0,267.0,13,Costa Rica,7
1996.0,95.0,4.0,474.0,14,Panama,7
1996.0,100.0,69.0,3738.0,15,Colombia,7
1996.0,101.0,13.0,3450.0,16,"Venezuela, Bolivarian Republic of",7
1996.0,110.0,0.0,37.0,17,Guyana,7
1996.0,115.0,0.0,77.0,18,Suriname,7
1996.0,130.0,3.0,739.0,19,Ecuador,7
1996.0,135.0,21.0,3453.0,20,Peru,7
1996.0,140.0,25.0,8411.0,21,Brazil,7
1996.0,145.0,2.0,297.0,22,Bolivia (Plurinational State of),7
1996.0,150.0,2.0,123.0,23,Paraguay,7
1996.0,155.0,5.0,2749.0,24,Chile,7
1996.0,160.0,25.0,4814.0,25,Argentina,7
1996.0,165.0,1.0,172.0,26,Uruguay,7
1996.0,200.0,198.0,67514.0,27,United Kingdom of Great Britain and Northern Ireland,7
1996.0,205.0,7.0,3647.0,28,Ireland,7
1996.0,210.0,15.0,9268.0,29,Netherlands,7
1996.0,211.0,24.0,8393.0,30,Belgium,7
1996.0,220.0,159.0,24824.0,31,France,7
1996.0,225.0,17.0,6556.0,32,Switzerland,7
1996.0,230.0,15.0,5362.0,33,Spain,7
1996.0,235.0,9.0,4470.0,34,Portugal,7
1996.0,255.0,119.0,25563.0,35,Germany,7
1996.0,260.0,17.0,4056.0,36,Federal Republic of Germany,7
1996.0,265.0,17.0,4056.0,37,German Democratic Republic,7
1996.0,290.0,14.0,9169.0,38,Poland,7
1996.0,305.0,50.0,23545.0,39,Austria,7
1996.0,310.0,6.0,4793.0,40,Hungary,7
1996.0,315.0,17.0,4056.0,41,Czechoslovakia,7
1996.0,316.0,6.0,4868.0,42,Czech Republic,7
1996.0,317.0,8.0,2048.0,43,Slovakia,7
1996.0,325.0,36.0,12479.0,44,Italy,7
1996.0,339.0,9.0,991.0,45,Albania,7
1996.0,344.0,46.0,3360.0,46,Croatia,7
1996.0,346.0,14.0,2752.0,47,Bosnia and Herzegovina,7
1996.0,349.0,3.0,1521.0,48,Slovenia,7
1996.0,350.0,40.0,4981.0,49,Greece,7
1996.0,352.0,21.0,1410.0,50,Cyprus,7
1996.0,355.0,8.0,4164.0,51,Bulgaria,7
1996.0,359.0,2.0,294.0,52,Republic of Moldova,7
1996.0,360.0,11.0,3490.0,53,Romania,7
1996.0,365.0,178.0,17766.0,54,Russian Federation,7
1996.0,366.0,1.0,756.0,55,Estonia,7
1996.0,367.0,1.0,746.0,56,Latvia,7
1996.0,368.0,2.0,985.0,57,Lithuania,7
1996.0,369.0,5.0,1726.0,58,Ukraine,7
1996.0,370.0,14.0,703.0,59,Belarus,7
1996.0,371.0,4.0,104.0,60,Armenia,7
1996.0,372.0,3.0,430.0,61,Georgia,7
1996.0,373.0,0.0,519.0,62,Azerbaijan,7
1996.0,375.0,5.0,6323.0,63,Finland,7
1996.0,380.0,6.0,5666.0,64,Sweden,7
1996.0,385.0,4.0,2629.0,65,Norway,7
1996.0,390.0,5.0,2852.0,66,Denmark,7
1996.0,404.0,1.0,83.0,67,Guinea Bissau,7
1996.0,411.0,0.0,41.0,68,Equatorial Guinea,7
1996.0,420.0,3.0,164.0,69,Gambia (Islamic Republic of the),7
1996.0,432.0,0.0,121.0,70,Mali,7
1996.0,433.0,1.0,184.0,71,Senegal,7
1996.0,434.0,1.0,139.0,72,Benin,7
1996.0,435.0,1.0,88.0,73,Mauritania,7
1996.0,436.0,8.0,328.0,74,Niger,7
1996.0,437.0,2.0,801.0,75,Côte D'Ivoire,7
1996.0,438.0,0.0,133.0,76,Guinea,7
1996.0,439.0,0.0,79.0,77,Burkina Faso,7
1996.0,450.0,11.0,877.0,78,Liberia,7
1996.0,451.0,12.0,621.0,79,Sierra Leone,7
1996.0,452.0,3.0,651.0,80,Ghana,7
1996.0,461.0,1.0,99.0,81,Togo,7
1996.0,471.0,1.0,205.0,82,Cameroon,7
1996.0,475.0,18.0,2237.0,83,Nigeria,7
1996.0,481.0,1.0,118.0,84,Gabon,7
1996.0,482.0,6.0,326.0,85,Central African Republic,7
1996.0,483.0,2.0,182.0,86,Chad,7
1996.0,484.0,1.0,113.0,87,Congo,7
1996.0,490.0,33.0,1377.0,88,Democratic Republic of the Congo,7
1996.0,500.0,29.0,897.0,89,Uganda,7
1996.0,501.0,6.0,1877.0,90,Kenya,7
1996.0,510.0,4.0,631.0,91,United Republic of Tanzania,7
1996.0,516.0,22.0,832.0,92,Burundi,7
1996.0,517.0,25.0,908.0,93,Rwanda,7
1996.0,520.0,9.0,411.0,94,Somalia,7
1996.0,522.0,0.0,13.0,95,Djibouti,7
1996.0,530.0,9.0,526.0,96,Ethiopia,7
1996.0,531.0,1.0,233.0,97,Eritrea,7
1996.0,540.0,6.0,507.0,98,Angola,7
1996.0,541.0,0.0,229.0,99,Mozambique,7
1996.0,551.0,4.0,602.0,100,Zambia,7
1996.0,552.0,8.0,2105.0,101,Zimbabwe,7
1996.0,553.0,2.0,145.0,102,Malawi,7
1996.0,560.0,37.0,12799.0,103,South Africa,7
1996.0,565.0,0.0,173.0,104,Namibia,7
1996.0,571.0,0.0,152.0,105,Botswana,7
1996.0,580.0,1.0,147.0,106,Madagascar,7
1996.0,581.0,0.0,88.0,107,Comoros,7
1996.0,591.0,0.0,16.0,108,Seychelles,7
1996.0,600.0,9.0,1970.0,109,Morocco,7
1996.0,615.0,18.0,1378.0,110,Algeria,7
1996.0,616.0,3.0,1019.0,111,Tunisia,7
1996.0,620.0,8.0,634.0,112,Libya,7
1996.0,625.0,13.0,798.0,113,Sudan,7
1996.0,630.0,26.0,2579.0,114,Iran (Islamic Republic of),7
1996.0,640.0,69.0,6837.0,115,Turkey,7
1996.0,651.0,48.0,4987.0,116,Egypt,7
1996.0,652.0,1.0,1748.0,117,Syrian Arab Republic,7
1996.0,660.0,35.0,3406.0,118,Lebanon,7
1996.0,663.0,13.0,2309.0,119,Jordan,7
1996.0,666.0,193.0,10516.0,120,Israel,7
1996.0,670.0,5.0,1939.0,121,Saudi Arabia,7
1996.0,678.0,17.0,4056.0,122,Yemen Arab Republic,7
1996.0,679.0,3.0,684.0,123,Yemen,7
1996.0,680.0,17.0,4056.0,124,Yemen People's Republic,7
1996.0,690.0,9.0,1623.0,125,Kuwait,7
1996.0,692.0,4.0,1332.0,126,Bahrain,7
1996.0,694.0,2.0,651.0,127,Qatar,7
1996.0,696.0,4.0,1802.0,128,United Arab Emirates,7
1996.0,698.0,0.0,503.0,129,Oman,7
1996.0,700.0,137.0,1572.0,130,Afghanistan,7
1996.0,701.0,0.0,174.0,131,Turkmenistan,7
1996.0,702.0,12.0,329.0,132,Tajikistan,7
1996.0,703.0,0.0,148.0,133,Kyrgyzstan,7
1996.0,704.0,1.0,249.0,134,Uzbekistan,7
1996.0,705.0,3.0,691.0,135,Kazakhstan,7
1996.0,710.0,51.0,18716.0,136,China,7
1996.0,712.0,3.0,304.0,137,Mongolia,7
1996.0,713.0,17.0,4056.0,138,"Taiwan, Province of China",7
1996.0,732.0,41.0,8569.0,139,Republic of Korea,7
1996.0,740.0,49.0,24832.0,140,Japan,7
1996.0,750.0,88.0,15723.0,141,India,7
1996.0,760.0,0.0,13.0,142,Bhutan,7
1996.0,770.0,60.0,6584.0,143,Pakistan,7
1996.0,771.0,45.0,2857.0,144,Bangladesh,7
1996.0,775.0,29.0,1123.0,145,Myanmar,7
1996.0,780.0,112.0,3160.0,146,Sri Lanka,7
1996.0,790.0,2.0,392.0,147,Nepal,7
1996.0,800.0,14.0,5756.0,148,Thailand,7
1996.0,811.0,20.0,1380.0,149,Cambodia,7
1996.0,812.0,0.0,99.0,150,Lao People's Democratic Republic,7
1996.0,816.0,7.0,2174.0,151,Viet Nam,7
1996.0,820.0,14.0,7110.0,152,Malaysia,7
1996.0,830.0,6.0,8835.0,153,Singapore,7
1996.0,835.0,0.0,74.0,154,Brunei Darussalam,7
1996.0,840.0,48.0,8317.0,155,Philippines,7
1996.0,850.0,57.0,9764.0,156,Indonesia,7
1996.0,860.0,17.0,4056.0,157,Timor-Leste,7
1996.0,900.0,6.0,3632.0,158,Australia,7
1996.0,910.0,2.0,313.0,159,Papua New Guinea,7
1996.0,920.0,8.0,6459.0,160,New Zealand,7
1996.0,946.0,0.0,0.0,161,Kiribati,7
1996.0,955.0,0.0,11.0,162,Tonga,7
1996.0,970.0,0.0,3.0,163,Nauru,7
1997.0,2.0,341.0,227284.0,1,United States of America,8
1997.0,20.0,18.0,12783.0,2,Canada,8
1997.0,41.0,5.0,268.0,3,Haiti,8
1997.0,42.0,2.0,183.0,4,Dominican Republic,8
1997.0,51.0,1.0,257.0,5,Jamaica,8
1997.0,52.0,0.0,95.0,6,Trinidad and Tobago,8
1997.0,70.0,59.0,9333.0,7,Mexico,8
1997.0,80.0,0.0,42.0,8,Belize,8
1997.0,90.0,9.0,559.0,9,Guatemala,8
1997.0,91.0,8.0,357.0,10,Honduras,8
1997.0,92.0,3.0,455.0,11,El Salvador,8
1997.0,93.0,9.0,419.0,12,Nicaragua,8
1997.0,94.0,0.0,201.0,13,Costa Rica,8
1997.0,95.0,6.0,524.0,14,Panama,8
1997.0,100.0,95.0,4078.0,15,Colombia,8
1997.0,101.0,11.0,3159.0,16,"Venezuela, Bolivarian Republic of",8
1997.0,110.0,0.0,69.0,17,Guyana,8
1997.0,115.0,0.0,60.0,18,Suriname,8
1997.0,130.0,11.0,871.0,19,Ecuador,8
1997.0,135.0,34.0,3494.0,20,Peru,8
1997.0,140.0,31.0,9639.0,21,Brazil,8
1997.0,145.0,0.0,198.0,22,Bolivia (Plurinational State of),8
1997.0,150.0,0.0,135.0,23,Paraguay,8
1997.0,155.0,15.0,2944.0,24,Chile,8
1997.0,160.0,16.0,4875.0,25,Argentina,8
1997.0,165.0,3.0,209.0,26,Uruguay,8
1997.0,200.0,196.0,76417.0,27,United Kingdom of Great Britain and Northern Ireland,8
1997.0,205.0,14.0,3454.0,28,Ireland,8
1997.0,210.0,10.0,10057.0,29,Netherlands,8
1997.0,211.0,14.0,7892.0,30,Belgium,8
1997.0,220.0,142.0,24210.0,31,France,8
1997.0,225.0,14.0,8067.0,32,Switzerland,8
1997.0,230.0,35.0,7115.0,33,Spain,8
1997.0,235.0,9.0,5085.0,34,Portugal,8
1997.0,255.0,107.0,27722.0,35,Germany,8
1997.0,260.0,17.0,4056.0,36,Federal Republic of Germany,8
1997.0,265.0,17.0,4056.0,37,German Democratic Republic,8
1997.0,290.0,9.0,10092.0,38,Poland,8
1997.0,305.0,35.0,21587.0,39,Austria,8
1997.0,310.0,5.0,5959.0,40,Hungary,8
1997.0,315.0,17.0,4056.0,41,Czechoslovakia,8
1997.0,316.0,4.0,5286.0,42,Czech Republic,8
1997.0,317.0,5.0,2424.0,43,Slovakia,8
1997.0,325.0,50.0,12319.0,44,Italy,8
1997.0,339.0,73.0,2601.0,45,Albania,8
1997.0,344.0,17.0,1436.0,46,Croatia,8
1997.0,346.0,6.0,2852.0,47,Bosnia and Herzegovina,8
1997.0,349.0,2.0,1873.0,48,Slovenia,8
1997.0,350.0,16.0,4876.0,49,Greece,8
1997.0,352.0,13.0,1312.0,50,Cyprus,8
1997.0,355.0,18.0,3866.0,51,Bulgaria,8
1997.0,359.0,0.0,194.0,52,Republic of Moldova,8
1997.0,360.0,12.0,3963.0,53,Romania,8
1997.0,365.0,59.0,17148.0,54,Russian Federation,8
1997.0,366.0,0.0,3849.0,55,Estonia,8
1997.0,367.0,1.0,3617.0,56,Latvia,8
1997.0,368.0,3.0,3644.0,57,Lithuania,8
1997.0,369.0,1.0,1955.0,58,Ukraine,8
1997.0,370.0,13.0,554.0,59,Belarus,8
1997.0,371.0,2.0,92.0,60,Armenia,8
1997.0,372.0,2.0,470.0,61,Georgia,8
1997.0,373.0,1.0,616.0,62,Azerbaijan,8
1997.0,375.0,3.0,6846.0,63,Finland,8
1997.0,380.0,4.0,6592.0,64,Sweden,8
1997.0,385.0,5.0,3242.0,65,Norway,8
1997.0,390.0,2.0,3761.0,66,Denmark,8
1997.0,404.0,0.0,111.0,67,Guinea Bissau,8
1997.0,411.0,0.0,25.0,68,Equatorial Guinea,8
1997.0,420.0,3.0,90.0,69,Gambia (Islamic Republic of the),8
1997.0,432.0,3.0,255.0,70,Mali,8
1997.0,433.0,8.0,354.0,71,Senegal,8
1997.0,434.0,1.0,45.0,72,Benin,8
1997.0,435.0,0.0,68.0,73,Mauritania,8
1997.0,436.0,4.0,194.0,74,Niger,8
1997.0,437.0,6.0,883.0,75,Côte D'Ivoire,8
1997.0,438.0,2.0,53.0,76,Guinea,8
1997.0,439.0,1.0,133.0,77,Burkina Faso,8
1997.0,450.0,8.0,684.0,78,Liberia,8
1997.0,451.0,10.0,719.0,79,Sierra Leone,8
1997.0,452.0,0.0,582.0,80,Ghana,8
1997.0,461.0,1.0,173.0,81,Togo,8
1997.0,471.0,4.0,208.0,82,Cameroon,8
1997.0,475.0,22.0,2359.0,83,Nigeria,8
1997.0,481.0,2.0,198.0,84,Gabon,8
1997.0,482.0,5.0,232.0,85,Central African Republic,8
1997.0,483.0,1.0,166.0,86,Chad,8
1997.0,484.0,9.0,719.0,87,Congo,8
1997.0,490.0,130.0,3477.0,88,Democratic Republic of the Congo,8
1997.0,500.0,7.0,539.0,89,Uganda,8
1997.0,501.0,50.0,2574.0,90,Kenya,8
1997.0,510.0,0.0,746.0,91,United Republic of Tanzania,8
1997.0,516.0,10.0,405.0,92,Burundi,8
1997.0,517.0,9.0,482.0,93,Rwanda,8
1997.0,520.0,6.0,252.0,94,Somalia,8
1997.0,522.0,0.0,16.0,95,Djibouti,8
1997.0,530.0,2.0,474.0,96,Ethiopia,8
1997.0,531.0,5.0,166.0,97,Eritrea,8
1997.0,540.0,8.0,603.0,98,Angola,8
1997.0,541.0,2.0,292.0,99,Mozambique,8
1997.0,551.0,2.0,665.0,100,Zambia,8
1997.0,552.0,2.0,2356.0,101,Zimbabwe,8
1997.0,553.0,0.0,191.0,102,Malawi,8
1997.0,560.0,28.0,13034.0,103,South Africa,8
1997.0,565.0,2.0,277.0,104,Namibia,8
1997.0,571.0,0.0,265.0,105,Botswana,8
1997.0,580.0,0.0,63.0,106,Madagascar,8
1997.0,581.0,5.0,204.0,107,Comoros,8
1997.0,591.0,0.0,22.0,108,Seychelles,8
1997.0,600.0,9.0,2071.0,109,Morocco,8
1997.0,615.0,17.0,1144.0,110,Algeria,8
1997.0,616.0,0.0,1073.0,111,Tunisia,8
1997.0,620.0,2.0,501.0,112,Libya,8
1997.0,625.0,33.0,760.0,113,Sudan,8
1997.0,630.0,22.0,3461.0,114,Iran (Islamic Republic of),8
1997.0,640.0,60.0,6631.0,115,Turkey,8
1997.0,651.0,34.0,4458.0,116,Egypt,8
1997.0,652.0,0.0,864.0,117,Syrian Arab Republic,8
1997.0,660.0,27.0,2517.0,118,Lebanon,8
1997.0,663.0,13.0,1883.0,119,Jordan,8
1997.0,666.0,170.0,9226.0,120,Israel,8
1997.0,670.0,3.0,1919.0,121,Saudi Arabia,8
1997.0,678.0,17.0,4056.0,122,Yemen Arab Republic,8
1997.0,679.0,6.0,811.0,123,Yemen,8
1997.0,680.0,17.0,4056.0,124,Yemen People's Republic,8
1997.0,690.0,1.0,1232.0,125,Kuwait,8
1997.0,692.0,1.0,987.0,126,Bahrain,8
1997.0,694.0,2.0,701.0,127,Qatar,8
1997.0,696.0,2.0,1821.0,128,United Arab Emirates,8
1997.0,698.0,0.0,496.0,129,Oman,8
1997.0,700.0,83.0,1268.0,130,Afghanistan,8
1997.0,701.0,0.0,308.0,131,Turkmenistan,8
1997.0,702.0,28.0,685.0,132,Tajikistan,8
1997.0,703.0,0.0,151.0,133,Kyrgyzstan,8
1997.0,704.0,4.0,317.0,134,Uzbekistan,8
1997.0,705.0,2.0,933.0,135,Kazakhstan,8
1997.0,710.0,52.0,17680.0,136,China,8
1997.0,712.0,2.0,309.0,137,Mongolia,8
1997.0,713.0,17.0,4056.0,138,"Taiwan, Province of China",8
1997.0,732.0,43.0,11029.0,139,Republic of Korea,8
1997.0,740.0,33.0,28884.0,140,Japan,8
1997.0,750.0,107.0,19643.0,141,India,8
1997.0,760.0,0.0,1.0,142,Bhutan,8
1997.0,770.0,56.0,5980.0,143,Pakistan,8
1997.0,771.0,35.0,2694.0,144,Bangladesh,8
1997.0,775.0,19.0,854.0,145,Myanmar,8
1997.0,780.0,139.0,4035.0,146,Sri Lanka,8
1997.0,790.0,1.0,382.0,147,Nepal,8
1997.0,800.0,13.0,7749.0,148,Thailand,8
1997.0,811.0,37.0,2207.0,149,Cambodia,8
1997.0,812.0,1.0,85.0,150,Lao People's Democratic Republic,8
1997.0,816.0,6.0,2269.0,151,Viet Nam,8
1997.0,820.0,9.0,7885.0,152,Malaysia,8
1997.0,830.0,3.0,11626.0,153,Singapore,8
1997.0,835.0,0.0,75.0,154,Brunei Darussalam,8
1997.0,840.0,37.0,8832.0,155,Philippines,8
1997.0,850.0,36.0,9709.0,156,Indonesia,8
1997.0,860.0,17.0,4056.0,157,Timor-Leste,8
1997.0,900.0,12.0,3158.0,158,Australia,8
1997.0,910.0,5.0,522.0,159,Papua New Guinea,8
1997.0,920.0,9.0,5696.0,160,New Zealand,8
1997.0,946.0,0.0,1.0,161,Kiribati,8
1997.0,955.0,0.0,5.0,162,Tonga,8
1997.0,970.0,0.0,8.0,163,Nauru,8
1998.0,2.0,379.0,224635.0,1,United States of America,9
1998.0,20.0,23.0,10205.0,2,Canada,9
1998.0,41.0,2.0,193.0,3,Haiti,9
1998.0,42.0,0.0,137.0,4,Dominican Republic,9
1998.0,51.0,1.0,206.0,5,Jamaica,9
1998.0,52.0,0.0,116.0,6,Trinidad and Tobago,9
1998.0,70.0,49.0,9023.0,7,Mexico,9
1998.0,80.0,0.0,28.0,8,Belize,9
1998.0,90.0,6.0,571.0,9,Guatemala,9
1998.0,91.0,6.0,463.0,10,Honduras,9
1998.0,92.0,2.0,293.0,11,El Salvador,9
1998.0,93.0,3.0,420.0,12,Nicaragua,9
1998.0,94.0,1.0,230.0,13,Costa Rica,9
1998.0,95.0,6.0,396.0,14,Panama,9
1998.0,100.0,72.0,3645.0,15,Colombia,9
1998.0,101.0,4.0,2770.0,16,"Venezuela, Bolivarian Republic of",9
1998.0,110.0,0.0,46.0,17,Guyana,9
1998.0,115.0,0.0,46.0,18,Suriname,9
1998.0,130.0,8.0,942.0,19,Ecuador,9
1998.0,135.0,10.0,2158.0,20,Peru,9
1998.0,140.0,27.0,8080.0,21,Brazil,9
1998.0,145.0,1.0,193.0,22,Bolivia (Plurinational State of),9
1998.0,150.0,0.0,155.0,23,Paraguay,9
1998.0,155.0,9.0,3427.0,24,Chile,9
1998.0,160.0,20.0,4643.0,25,Argentina,9
1998.0,165.0,0.0,232.0,26,Uruguay,9
1998.0,200.0,137.0,67298.0,27,United Kingdom of Great Britain and Northern Ireland,9
1998.0,205.0,6.0,3319.0,28,Ireland,9
1998.0,210.0,10.0,10303.0,29,Netherlands,9
1998.0,211.0,13.0,7031.0,30,Belgium,9
1998.0,220.0,62.0,18839.0,31,France,9
1998.0,225.0,11.0,8497.0,32,Switzerland,9
1998.0,230.0,25.0,7535.0,33,Spain,9
1998.0,235.0,12.0,4753.0,34,Portugal,9
1998.0,255.0,75.0,25818.0,35,Germany,9
1998.0,260.0,17.0,4056.0,36,Federal Republic of Germany,9
1998.0,265.0,17.0,4056.0,37,German Democratic Republic,9
1998.0,290.0,17.0,9564.0,38,Poland,9
1998.0,305.0,40.0,18937.0,39,Austria,9
1998.0,310.0,3.0,4936.0,40,Hungary,9
1998.0,315.0,17.0,4056.0,41,Czechoslovakia,9
1998.0,316.0,6.0,3803.0,42,Czech Republic,9
1998.0,317.0,2.0,2283.0,43,Slovakia,9
1998.0,325.0,34.0,11823.0,44,Italy,9
1998.0,339.0,20.0,1495.0,45,Albania,9
1998.0,344.0,10.0,1047.0,46,Croatia,9
1998.0,346.0,9.0,2201.0,47,Bosnia and Herzegovina,9
1998.0,349.0,1.0,1697.0,48,Slovenia,9
1998.0,350.0,34.0,6149.0,49,Greece,9
1998.0,352.0,10.0,1374.0,50,Cyprus,9
1998.0,355.0,5.0,2947.0,51,Bulgaria,9
1998.0,359.0,0.0,262.0,52,Republic of Moldova,9
1998.0,360.0,11.0,3377.0,53,Romania,9
1998.0,365.0,63.0,20026.0,54,Russian Federation,9
1998.0,366.0,0.0,4368.0,55,Estonia,9
1998.0,367.0,3.0,3444.0,56,Latvia,9
1998.0,368.0,3.0,5321.0,57,Lithuania,9
1998.0,369.0,3.0,2722.0,58,Ukraine,9
1998.0,370.0,3.0,485.0,59,Belarus,9
1998.0,371.0,1.0,187.0,60,Armenia,9
1998.0,372.0,9.0,594.0,61,Georgia,9
1998.0,373.0,1.0,513.0,62,Azerbaijan,9
1998.0,375.0,9.0,6006.0,63,Finland,9
1998.0,380.0,5.0,7806.0,64,Sweden,9
1998.0,385.0,7.0,5846.0,65,Norway,9
1998.0,390.0,9.0,3703.0,66,Denmark,9
1998.0,404.0,5.0,415.0,67,Guinea Bissau,9
1998.0,411.0,1.0,45.0,68,Equatorial Guinea,9
1998.0,420.0,1.0,91.0,69,Gambia (Islamic Republic of the),9
1998.0,432.0,1.0,136.0,70,Mali,9
1998.0,433.0,14.0,427.0,71,Senegal,9
1998.0,434.0,0.0,40.0,72,Benin,9
1998.0,435.0,0.0,48.0,73,Mauritania,9
1998.0,436.0,8.0,253.0,74,Niger,9
1998.0,437.0,9.0,837.0,75,Côte D'Ivoire,9
1998.0,438.0,2.0,96.0,76,Guinea,9
1998.0,439.0,2.0,132.0,77,Burkina Faso,9
1998.0,450.0,6.0,518.0,78,Liberia,9
1998.0,451.0,18.0,648.0,79,Sierra Leone,9
1998.0,452.0,3.0,572.0,80,Ghana,9
1998.0,461.0,2.0,175.0,81,Togo,9
1998.0,471.0,0.0,176.0,82,Cameroon,9
1998.0,475.0,23.0,2647.0,83,Nigeria,9
1998.0,481.0,1.0,104.0,84,Gabon,9
1998.0,482.0,2.0,93.0,85,Central African Republic,9
1998.0,483.0,3.0,167.0,86,Chad,9
1998.0,484.0,10.0,394.0,87,Congo,9
1998.0,490.0,27.0,1254.0,88,Democratic Republic of the Congo,9
1998.0,500.0,5.0,770.0,89,Uganda,9
1998.0,501.0,16.0,2764.0,90,Kenya,9
1998.0,510.0,3.0,629.0,91,United Republic of Tanzania,9
1998.0,516.0,2.0,283.0,92,Burundi,9
1998.0,517.0,21.0,601.0,93,Rwanda,9
1998.0,520.0,6.0,195.0,94,Somalia,9
1998.0,522.0,0.0,6.0,95,Djibouti,9
1998.0,530.0,4.0,669.0,96,Ethiopia,9
1998.0,531.0,2.0,378.0,97,Eritrea,9
1998.0,540.0,16.0,516.0,98,Angola,9
1998.0,541.0,0.0,211.0,99,Mozambique,9
1998.0,551.0,4.0,439.0,100,Zambia,9
1998.0,552.0,27.0,2951.0,101,Zimbabwe,9
1998.0,553.0,0.0,130.0,102,Malawi,9
1998.0,560.0,35.0,11127.0,103,South Africa,9
1998.0,565.0,0.0,242.0,104,Namibia,9
1998.0,571.0,0.0,232.0,105,Botswana,9
1998.0,580.0,2.0,26.0,106,Madagascar,9
1998.0,581.0,4.0,135.0,107,Comoros,9
1998.0,591.0,0.0,25.0,108,Seychelles,9
1998.0,600.0,8.0,2031.0,109,Morocco,9
1998.0,615.0,36.0,1689.0,110,Algeria,9
1998.0,616.0,1.0,1247.0,111,Tunisia,9
1998.0,620.0,0.0,565.0,112,Libya,9
1998.0,625.0,23.0,810.0,113,Sudan,9
1998.0,630.0,29.0,3440.0,114,Iran (Islamic Republic of),9
1998.0,640.0,69.0,7664.0,115,Turkey,9
1998.0,651.0,13.0,3214.0,116,Egypt,9
1998.0,652.0,3.0,880.0,117,Syrian Arab Republic,9
1998.0,660.0,18.0,1911.0,118,Lebanon,9
1998.0,663.0,5.0,1349.0,119,Jordan,9
1998.0,666.0,98.0,7308.0,120,Israel,9
1998.0,670.0,3.0,1929.0,121,Saudi Arabia,9
1998.0,678.0,17.0,4056.0,122,Yemen Arab Republic,9
1998.0,679.0,7.0,790.0,123,Yemen,9
1998.0,680.0,17.0,4056.0,124,Yemen People's Republic,9
1998.0,690.0,4.0,1302.0,125,Kuwait,9
1998.0,692.0,1.0,785.0,126,Bahrain,9
1998.0,694.0,0.0,507.0,127,Qatar,9
1998.0,696.0,2.0,1528.0,128,United Arab Emirates,9
1998.0,698.0,0.0,485.0,129,Oman,9
1998.0,700.0,30.0,1249.0,130,Afghanistan,9
1998.0,701.0,0.0,282.0,131,Turkmenistan,9
1998.0,702.0,12.0,443.0,132,Tajikistan,9
1998.0,703.0,0.0,170.0,133,Kyrgyzstan,9
1998.0,704.0,2.0,313.0,134,Uzbekistan,9
1998.0,705.0,3.0,900.0,135,Kazakhstan,9
1998.0,710.0,42.0,21161.0,136,China,9
1998.0,712.0,1.0,376.0,137,Mongolia,9
1998.0,713.0,17.0,4056.0,138,"Taiwan, Province of China",9
1998.0,732.0,28.0,12190.0,139,Republic of Korea,9
1998.0,740.0,24.0,29638.0,140,Japan,9
1998.0,750.0,101.0,21137.0,141,India,9
1998.0,760.0,0.0,17.0,142,Bhutan,9
1998.0,770.0,29.0,5701.0,143,Pakistan,9
1998.0,771.0,17.0,2446.0,144,Bangladesh,9
1998.0,775.0,14.0,717.0,145,Myanmar,9
1998.0,780.0,71.0,3749.0,146,Sri Lanka,9
1998.0,790.0,6.0,525.0,147,Nepal,9
1998.0,800.0,23.0,7035.0,148,Thailand,9
1998.0,811.0,32.0,1779.0,149,Cambodia,9
1998.0,812.0,0.0,32.0,150,Lao People's Democratic Republic,9
1998.0,816.0,6.0,1750.0,151,Viet Nam,9
1998.0,820.0,34.0,10272.0,152,Malaysia,9
1998.0,830.0,11.0,11816.0,153,Singapore,9
1998.0,835.0,2.0,109.0,154,Brunei Darussalam,9
1998.0,840.0,14.0,6699.0,155,Philippines,9
1998.0,850.0,150.0,12568.0,156,Indonesia,9
1998.0,860.0,17.0,4056.0,157,Timor-Leste,9
1998.0,900.0,4.0,3256.0,158,Australia,9
1998.0,910.0,0.0,188.0,159,Papua New Guinea,9
1998.0,920.0,4.0,4700.0,160,New Zealand,9
1998.0,946.0,0.0,2.0,161,Kiribati,9
1998.0,955.0,0.0,11.0,162,Tonga,9
1998.0,970.0,0.0,2.0,163,Nauru,9
1999.0,2.0,304.0,195255.0,1,United States of America,10
1999.0,20.0,19.0,10485.0,2,Canada,10
1999.0,41.0,10.0,231.0,3,Haiti,10
1999.0,42.0,2.0,111.0,4,Dominican Republic,10
1999.0,51.0,2.0,250.0,5,Jamaica,10
1999.0,52.0,0.0,99.0,6,Trinidad and Tobago,10
1999.0,70.0,30.0,7873.0,7,Mexico,10
1999.0,80.0,1.0,27.0,8,Belize,10
1999.0,90.0,5.0,383.0,9,Guatemala,10
1999.0,91.0,0.0,285.0,10,Honduras,10
1999.0,92.0,1.0,269.0,11,El Salvador,10
1999.0,93.0,3.0,268.0,12,Nicaragua,10
1999.0,94.0,0.0,129.0,13,Costa Rica,10
1999.0,95.0,2.0,318.0,14,Panama,10
1999.0,100.0,45.0,2836.0,15,Colombia,10
1999.0,101.0,15.0,2714.0,16,"Venezuela, Bolivarian Republic of",10
1999.0,110.0,0.0,43.0,17,Guyana,10
1999.0,115.0,1.0,70.0,18,Suriname,10
1999.0,130.0,8.0,1407.0,19,Ecuador,10
1999.0,135.0,6.0,1697.0,20,Peru,10
1999.0,140.0,33.0,8257.0,21,Brazil,10
1999.0,145.0,5.0,162.0,22,Bolivia (Plurinational State of),10
1999.0,150.0,4.0,202.0,23,Paraguay,10
1999.0,155.0,7.0,2747.0,24,Chile,10
1999.0,160.0,14.0,4458.0,25,Argentina,10
1999.0,165.0,0.0,240.0,26,Uruguay,10
1999.0,200.0,136.0,61652.0,27,United Kingdom of Great Britain and Northern Ireland,10
1999.0,205.0,5.0,3733.0,28,Ireland,10
1999.0,210.0,12.0,9814.0,29,Netherlands,10
1999.0,211.0,12.0,7602.0,30,Belgium,10
1999.0,220.0,61.0,18249.0,31,France,10
1999.0,225.0,14.0,8105.0,32,Switzerland,10
1999.0,230.0,19.0,7499.0,33,Spain,10
1999.0,235.0,14.0,3773.0,34,Portugal,10
1999.0,255.0,56.0,23856.0,35,Germany,10
1999.0,260.0,17.0,4056.0,36,Federal Republic of Germany,10
1999.0,265.0,17.0,4056.0,37,German Democratic Republic,10
1999.0,290.0,19.0,7548.0,38,Poland,10
1999.0,305.0,30.0,18599.0,39,Austria,10
1999.0,310.0,6.0,5294.0,40,Hungary,10
1999.0,315.0,17.0,4056.0,41,Czechoslovakia,10
1999.0,316.0,0.0,3615.0,42,Czech Republic,10
1999.0,317.0,2.0,1893.0,43,Slovakia,10
1999.0,325.0,17.0,12561.0,44,Italy,10
1999.0,339.0,4.0,1538.0,45,Albania,10
1999.0,344.0,8.0,850.0,46,Croatia,10
1999.0,346.0,5.0,1861.0,47,Bosnia and Herzegovina,10
1999.0,349.0,0.0,1154.0,48,Slovenia,10
1999.0,350.0,23.0,6163.0,49,Greece,10
1999.0,352.0,7.0,1271.0,50,Cyprus,10
1999.0,355.0,5.0,3404.0,51,Bulgaria,10
1999.0,359.0,1.0,212.0,52,Republic of Moldova,10
1999.0,360.0,19.0,4495.0,53,Romania,10
1999.0,365.0,52.0,15958.0,54,Russian Federation,10
1999.0,366.0,1.0,3089.0,55,Estonia,10
1999.0,367.0,4.0,3277.0,56,Latvia,10
1999.0,368.0,1.0,4665.0,57,Lithuania,10
1999.0,369.0,7.0,2294.0,58,Ukraine,10
1999.0,370.0,9.0,460.0,59,Belarus,10
1999.0,371.0,6.0,140.0,60,Armenia,10
1999.0,372.0,3.0,435.0,61,Georgia,10
1999.0,373.0,1.0,807.0,62,Azerbaijan,10
1999.0,375.0,6.0,8204.0,63,Finland,10
1999.0,380.0,4.0,7535.0,64,Sweden,10
1999.0,385.0,9.0,5212.0,65,Norway,10
1999.0,390.0,3.0,2499.0,66,Denmark,10
1999.0,404.0,2.0,191.0,67,Guinea Bissau,10
1999.0,411.0,0.0,28.0,68,Equatorial Guinea,10
1999.0,420.0,0.0,91.0,69,Gambia (Islamic Republic of the),10
1999.0,432.0,2.0,141.0,70,Mali,10
1999.0,433.0,4.0,245.0,71,Senegal,10
1999.0,434.0,0.0,47.0,72,Benin,10
1999.0,435.0,1.0,73.0,73,Mauritania,10
1999.0,436.0,1.0,240.0,74,Niger,10
1999.0,437.0,12.0,1438.0,75,Côte D'Ivoire,10
1999.0,438.0,3.0,131.0,76,Guinea,10
1999.0,439.0,0.0,131.0,77,Burkina Faso,10
1999.0,450.0,2.0,457.0,78,Liberia,10
1999.0,451.0,24.0,847.0,79,Sierra Leone,10
1999.0,452.0,2.0,491.0,80,Ghana,10
1999.0,461.0,4.0,245.0,81,Togo,10
1999.0,471.0,3.0,197.0,82,Cameroon,10
1999.0,475.0,25.0,2483.0,83,Nigeria,10
1999.0,481.0,1.0,117.0,84,Gabon,10
1999.0,482.0,4.0,110.0,85,Central African Republic,10
1999.0,483.0,1.0,132.0,86,Chad,10
1999.0,484.0,11.0,322.0,87,Congo,10
1999.0,490.0,15.0,634.0,88,Democratic Republic of the Congo,10
1999.0,500.0,9.0,603.0,89,Uganda,10
1999.0,501.0,12.0,2317.0,90,Kenya,10
1999.0,510.0,1.0,465.0,91,United Republic of Tanzania,10
1999.0,516.0,7.0,186.0,92,Burundi,10
1999.0,517.0,10.0,389.0,93,Rwanda,10
1999.0,520.0,5.0,148.0,94,Somalia,10
1999.0,522.0,0.0,2.0,95,Djibouti,10
1999.0,530.0,5.0,436.0,96,Ethiopia,10
1999.0,531.0,4.0,295.0,97,Eritrea,10
1999.0,540.0,22.0,587.0,98,Angola,10
1999.0,541.0,1.0,155.0,99,Mozambique,10
1999.0,551.0,3.0,426.0,100,Zambia,10
1999.0,552.0,18.0,2249.0,101,Zimbabwe,10
1999.0,553.0,0.0,55.0,102,Malawi,10
1999.0,560.0,24.0,10635.0,103,South Africa,10
1999.0,565.0,3.0,165.0,104,Namibia,10
1999.0,571.0,0.0,171.0,105,Botswana,10
1999.0,580.0,0.0,43.0,106,Madagascar,10
1999.0,581.0,1.0,94.0,107,Comoros,10
1999.0,591.0,0.0,5.0,108,Seychelles,10
1999.0,600.0,11.0,2082.0,109,Morocco,10
1999.0,615.0,34.0,1314.0,110,Algeria,10
1999.0,616.0,0.0,1241.0,111,Tunisia,10
1999.0,620.0,0.0,685.0,112,Libya,10
1999.0,625.0,15.0,771.0,113,Sudan,10
1999.0,630.0,24.0,3167.0,114,Iran (Islamic Republic of),10
1999.0,640.0,53.0,7019.0,115,Turkey,10
1999.0,651.0,10.0,3208.0,116,Egypt,10
1999.0,652.0,1.0,905.0,117,Syrian Arab Republic,10
1999.0,660.0,23.0,1685.0,118,Lebanon,10
1999.0,663.0,6.0,1681.0,119,Jordan,10
1999.0,666.0,54.0,6059.0,120,Israel,10
1999.0,670.0,3.0,2080.0,121,Saudi Arabia,10
1999.0,678.0,17.0,4056.0,122,Yemen Arab Republic,10
1999.0,679.0,4.0,716.0,123,Yemen,10
1999.0,680.0,17.0,4056.0,124,Yemen People's Republic,10
1999.0,690.0,3.0,1125.0,125,Kuwait,10
1999.0,692.0,1.0,619.0,126,Bahrain,10
1999.0,694.0,1.0,437.0,127,Qatar,10
1999.0,696.0,2.0,1286.0,128,United Arab Emirates,10
1999.0,698.0,0.0,552.0,129,Oman,10
1999.0,700.0,19.0,868.0,130,Afghanistan,10
1999.0,701.0,0.0,197.0,131,Turkmenistan,10
1999.0,702.0,8.0,227.0,132,Tajikistan,10
1999.0,703.0,4.0,225.0,133,Kyrgyzstan,10
1999.0,704.0,3.0,242.0,134,Uzbekistan,10
1999.0,705.0,4.0,790.0,135,Kazakhstan,10
1999.0,710.0,71.0,27525.0,136,China,10
1999.0,712.0,1.0,247.0,137,Mongolia,10
1999.0,713.0,17.0,4056.0,138,"Taiwan, Province of China",10
1999.0,732.0,25.0,11198.0,139,Republic of Korea,10
1999.0,740.0,15.0,26110.0,140,Japan,10
1999.0,750.0,116.0,21697.0,141,India,10
1999.0,760.0,0.0,15.0,142,Bhutan,10
1999.0,770.0,36.0,5387.0,143,Pakistan,10
1999.0,771.0,35.0,1830.0,144,Bangladesh,10
1999.0,775.0,9.0,513.0,145,Myanmar,10
1999.0,780.0,51.0,3503.0,146,Sri Lanka,10
1999.0,790.0,8.0,424.0,147,Nepal,10
1999.0,800.0,31.0,7954.0,148,Thailand,10
1999.0,811.0,12.0,1125.0,149,Cambodia,10
1999.0,812.0,0.0,66.0,150,Lao People's Democratic Republic,10
1999.0,816.0,10.0,2702.0,151,Viet Nam,10
1999.0,820.0,20.0,9716.0,152,Malaysia,10
1999.0,830.0,5.0,13299.0,153,Singapore,10
1999.0,835.0,0.0,64.0,154,Brunei Darussalam,10
1999.0,840.0,22.0,6690.0,155,Philippines,10
1999.0,850.0,134.0,11641.0,156,Indonesia,10
1999.0,860.0,17.0,4056.0,157,Timor-Leste,10
1999.0,900.0,13.0,2448.0,158,Australia,10
1999.0,910.0,0.0,206.0,159,Papua New Guinea,10
1999.0,920.0,5.0,4536.0,160,New Zealand,10
1999.0,946.0,0.0,1.0,161,Kiribati,10
1999.0,955.0,0.0,6.0,162,Tonga,10
1999.0,970.0,0.0,1.0,163,Nauru,10
2e3,2.0,338.0,205635.0,1,United States of America,11
2e3,20.0,28.0,14732.0,2,Canada,11
2e3,41.0,4.0,280.0,3,Haiti,11
2e3,42.0,0.0,123.0,4,Dominican Republic,11
2e3,51.0,0.0,166.0,5,Jamaica,11
2e3,52.0,2.0,58.0,6,Trinidad and Tobago,11
2e3,70.0,35.0,7606.0,7,Mexico,11
2e3,80.0,1.0,48.0,8,Belize,11
2e3,90.0,2.0,405.0,9,Guatemala,11
2e3,91.0,3.0,359.0,10,Honduras,11
2e3,92.0,2.0,368.0,11,El Salvador,11
2e3,93.0,1.0,179.0,12,Nicaragua,11
2e3,94.0,1.0,213.0,13,Costa Rica,11
2e3,95.0,4.0,396.0,14,Panama,11
2e3,100.0,62.0,2822.0,15,Colombia,11
2e3,101.0,6.0,3108.0,16,"Venezuela, Bolivarian Republic of",11
2e3,110.0,0.0,49.0,17,Guyana,11
2e3,115.0,0.0,75.0,18,Suriname,11
2e3,130.0,11.0,1075.0,19,Ecuador,11
2e3,135.0,18.0,2356.0,20,Peru,11
2e3,140.0,23.0,6598.0,21,Brazil,11
2e3,145.0,9.0,265.0,22,Bolivia (Plurinational State of),11
2e3,150.0,4.0,179.0,23,Paraguay,11
2e3,155.0,11.0,2985.0,24,Chile,11
2e3,160.0,13.0,4501.0,25,Argentina,11
2e3,165.0,1.0,252.0,26,Uruguay,11
2e3,200.0,205.0,74199.0,27,United Kingdom of Great Britain and Northern Ireland,11
2e3,205.0,7.0,3813.0,28,Ireland,11
2e3,210.0,6.0,11059.0,29,Netherlands,11
2e3,211.0,11.0,7982.0,30,Belgium,11
2e3,220.0,73.0,19509.0,31,France,11
2e3,225.0,7.0,10856.0,32,Switzerland,11
2e3,230.0,41.0,8046.0,33,Spain,11
2e3,235.0,2.0,3979.0,34,Portugal,11
2e3,255.0,52.0,25581.0,35,Germany,11
2e3,260.0,17.0,4056.0,36,Federal Republic of Germany,11
2e3,265.0,17.0,4056.0,37,German Democratic Republic,11
2e3,290.0,14.0,7509.0,38,Poland,11
2e3,305.0,32.0,18737.0,39,Austria,11
2e3,310.0,3.0,5272.0,40,Hungary,11
2e3,315.0,17.0,4056.0,41,Czechoslovakia,11
2e3,316.0,18.0,4432.0,42,Czech Republic,11
2e3,317.0,2.0,2250.0,43,Slovakia,11
2e3,325.0,18.0,12890.0,44,Italy,11
2e3,339.0,5.0,498.0,45,Albania,11
2e3,344.0,10.0,860.0,46,Croatia,11
2e3,346.0,5.0,2434.0,47,Bosnia and Herzegovina,11
2e3,349.0,2.0,1121.0,48,Slovenia,11
2e3,350.0,10.0,5507.0,49,Greece,11
2e3,352.0,7.0,1484.0,50,Cyprus,11
2e3,355.0,6.0,3525.0,51,Bulgaria,11
2e3,359.0,1.0,270.0,52,Republic of Moldova,11
2e3,360.0,12.0,5051.0,53,Romania,11
2e3,365.0,109.0,15647.0,54,Russian Federation,11
2e3,366.0,0.0,3800.0,55,Estonia,11
2e3,367.0,3.0,4004.0,56,Latvia,11
2e3,368.0,3.0,3543.0,57,Lithuania,11
2e3,369.0,6.0,2501.0,58,Ukraine,11
2e3,370.0,7.0,498.0,59,Belarus,11
2e3,371.0,1.0,97.0,60,Armenia,11
2e3,372.0,3.0,423.0,61,Georgia,11
2e3,373.0,0.0,605.0,62,Azerbaijan,11
2e3,375.0,9.0,7604.0,63,Finland,11
2e3,380.0,8.0,6878.0,64,Sweden,11
2e3,385.0,8.0,5012.0,65,Norway,11
2e3,390.0,2.0,2896.0,66,Denmark,11
2e3,404.0,0.0,132.0,67,Guinea Bissau,11
2e3,411.0,0.0,22.0,68,Equatorial Guinea,11
2e3,420.0,2.0,105.0,69,Gambia (Islamic Republic of the),11
2e3,432.0,0.0,87.0,70,Mali,11
2e3,433.0,10.0,365.0,71,Senegal,11
2e3,434.0,0.0,30.0,72,Benin,11
2e3,435.0,2.0,85.0,73,Mauritania,11
2e3,436.0,2.0,185.0,74,Niger,11
2e3,437.0,25.0,1825.0,75,Côte D'Ivoire,11
2e3,438.0,17.0,220.0,76,Guinea,11
2e3,439.0,4.0,97.0,77,Burkina Faso,11
2e3,450.0,6.0,607.0,78,Liberia,11
2e3,451.0,25.0,953.0,79,Sierra Leone,11
2e3,452.0,0.0,613.0,80,Ghana,11
2e3,461.0,2.0,141.0,81,Togo,11
2e3,471.0,3.0,238.0,82,Cameroon,11
2e3,475.0,23.0,2544.0,83,Nigeria,11
2e3,481.0,0.0,90.0,84,Gabon,11
2e3,482.0,2.0,59.0,85,Central African Republic,11
2e3,483.0,4.0,142.0,86,Chad,11
2e3,484.0,6.0,199.0,87,Congo,11
2e3,490.0,14.0,617.0,88,Democratic Republic of the Congo,11
2e3,500.0,7.0,748.0,89,Uganda,11
2e3,501.0,7.0,2081.0,90,Kenya,11
2e3,510.0,3.0,417.0,91,United Republic of Tanzania,11
2e3,516.0,8.0,213.0,92,Burundi,11
2e3,517.0,14.0,367.0,93,Rwanda,11
2e3,520.0,7.0,190.0,94,Somalia,11
2e3,522.0,0.0,3.0,95,Djibouti,11
2e3,530.0,2.0,627.0,96,Ethiopia,11
2e3,531.0,2.0,419.0,97,Eritrea,11
2e3,540.0,13.0,355.0,98,Angola,11
2e3,541.0,1.0,469.0,99,Mozambique,11
2e3,551.0,6.0,672.0,100,Zambia,11
2e3,552.0,30.0,2858.0,101,Zimbabwe,11
2e3,553.0,0.0,95.0,102,Malawi,11
2e3,560.0,36.0,10621.0,103,South Africa,11
2e3,565.0,1.0,160.0,104,Namibia,11
2e3,571.0,0.0,97.0,105,Botswana,11
2e3,580.0,0.0,53.0,106,Madagascar,11
2e3,581.0,0.0,55.0,107,Comoros,11
2e3,591.0,0.0,6.0,108,Seychelles,11
2e3,600.0,6.0,2243.0,109,Morocco,11
2e3,615.0,13.0,1497.0,110,Algeria,11
2e3,616.0,1.0,1276.0,111,Tunisia,11
2e3,620.0,14.0,573.0,112,Libya,11
2e3,625.0,17.0,4056.0,113,Sudan,11
2e3,630.0,30.0,3541.0,114,Iran (Islamic Republic of),11
2e3,640.0,36.0,6967.0,115,Turkey,11
2e3,651.0,18.0,4376.0,116,Egypt,11
2e3,652.0,5.0,1620.0,117,Syrian Arab Republic,11
2e3,660.0,33.0,2438.0,118,Lebanon,11
2e3,663.0,17.0,4056.0,119,Jordan,11
2e3,666.0,181.0,10656.0,120,Israel,11
2e3,670.0,4.0,2631.0,121,Saudi Arabia,11
2e3,678.0,17.0,4056.0,122,Yemen Arab Republic,11
2e3,679.0,6.0,752.0,123,Yemen,11
2e3,680.0,17.0,4056.0,124,Yemen People's Republic,11
2e3,690.0,1.0,1327.0,125,Kuwait,11
2e3,692.0,0.0,791.0,126,Bahrain,11
2e3,694.0,1.0,551.0,127,Qatar,11
2e3,696.0,0.0,1736.0,128,United Arab Emirates,11
2e3,698.0,2.0,994.0,129,Oman,11
2e3,700.0,29.0,763.0,130,Afghanistan,11
2e3,701.0,0.0,285.0,131,Turkmenistan,11
2e3,702.0,9.0,246.0,132,Tajikistan,11
2e3,703.0,2.0,239.0,133,Kyrgyzstan,11
2e3,704.0,2.0,253.0,134,Uzbekistan,11
2e3,705.0,0.0,811.0,135,Kazakhstan,11
2e3,710.0,31.0,26345.0,136,China,11
2e3,712.0,0.0,281.0,137,Mongolia,11
2e3,713.0,17.0,4056.0,138,"Taiwan, Province of China",11
2e3,732.0,15.0,10713.0,139,Republic of Korea,11
2e3,740.0,46.0,27388.0,140,Japan,11
2e3,750.0,138.0,23866.0,141,India,11
2e3,760.0,0.0,15.0,142,Bhutan,11
2e3,770.0,14.0,3630.0,143,Pakistan,11
2e3,771.0,22.0,1905.0,144,Bangladesh,11
2e3,775.0,2.0,483.0,145,Myanmar,11
2e3,780.0,69.0,3624.0,146,Sri Lanka,11
2e3,790.0,23.0,601.0,147,Nepal,11
2e3,800.0,18.0,7804.0,148,Thailand,11
2e3,811.0,7.0,696.0,149,Cambodia,11
2e3,812.0,0.0,84.0,150,Lao People's Democratic Republic,11
2e3,816.0,12.0,3607.0,151,Viet Nam,11
2e3,820.0,14.0,9052.0,152,Malaysia,11
2e3,830.0,4.0,12201.0,153,Singapore,11
2e3,835.0,0.0,202.0,154,Brunei Darussalam,11
2e3,840.0,38.0,7633.0,155,Philippines,11
2e3,850.0,47.0,9321.0,156,Indonesia,11
2e3,860.0,17.0,4056.0,157,Timor-Leste,11
2e3,900.0,21.0,3919.0,158,Australia,11
2e3,910.0,1.0,128.0,159,Papua New Guinea,11
2e3,920.0,6.0,5906.0,160,New Zealand,11
2e3,946.0,0.0,5.0,161,Kiribati,11
2e3,955.0,0.0,7.0,162,Tonga,11
2e3,970.0,0.0,8.0,163,Nauru,11
2001.0,2.0,493.0,236686.0,1,United States of America,12
2001.0,20.0,35.0,18639.0,2,Canada,12
2001.0,41.0,12.0,235.0,3,Haiti,12
2001.0,42.0,2.0,123.0,4,Dominican Republic,12
2001.0,51.0,3.0,177.0,5,Jamaica,12
2001.0,52.0,0.0,90.0,6,Trinidad and Tobago,12
2001.0,70.0,13.0,6505.0,7,Mexico,12
2001.0,80.0,0.0,33.0,8,Belize,12
2001.0,90.0,6.0,326.0,9,Guatemala,12
2001.0,91.0,0.0,248.0,10,Honduras,12
2001.0,92.0,0.0,421.0,11,El Salvador,12
2001.0,93.0,0.0,180.0,12,Nicaragua,12
2001.0,94.0,1.0,119.0,13,Costa Rica,12
2001.0,95.0,4.0,282.0,14,Panama,12
2001.0,100.0,52.0,3138.0,15,Colombia,12
2001.0,101.0,6.0,2215.0,16,"Venezuela, Bolivarian Republic of",12
2001.0,110.0,3.0,43.0,17,Guyana,12
2001.0,115.0,1.0,25.0,18,Suriname,12
2001.0,130.0,6.0,892.0,19,Ecuador,12
2001.0,135.0,6.0,2421.0,20,Peru,12
2001.0,140.0,31.0,7192.0,21,Brazil,12
2001.0,145.0,4.0,134.0,22,Bolivia (Plurinational State of),12
2001.0,150.0,0.0,68.0,23,Paraguay,12
2001.0,155.0,4.0,2381.0,24,Chile,12
2001.0,160.0,22.0,6793.0,25,Argentina,12
2001.0,165.0,1.0,150.0,26,Uruguay,12
2001.0,200.0,153.0,67729.0,27,United Kingdom of Great Britain and Northern Ireland,12
2001.0,205.0,11.0,2801.0,28,Ireland,12
2001.0,210.0,5.0,11135.0,29,Netherlands,12
2001.0,211.0,14.0,7137.0,30,Belgium,12
2001.0,220.0,42.0,18606.0,31,France,12
2001.0,225.0,12.0,10974.0,32,Switzerland,12
2001.0,230.0,20.0,6634.0,33,Spain,12
2001.0,235.0,6.0,2787.0,34,Portugal,12
2001.0,255.0,48.0,26519.0,35,Germany,12
2001.0,260.0,17.0,4056.0,36,Federal Republic of Germany,12
2001.0,265.0,17.0,4056.0,37,German Democratic Republic,12
2001.0,290.0,9.0,5986.0,38,Poland,12
2001.0,305.0,40.0,18156.0,39,Austria,12
2001.0,310.0,4.0,5580.0,40,Hungary,12
2001.0,315.0,17.0,4056.0,41,Czechoslovakia,12
2001.0,316.0,3.0,4068.0,42,Czech Republic,12
2001.0,317.0,2.0,1953.0,43,Slovakia,12
2001.0,325.0,47.0,12131.0,44,Italy,12
2001.0,339.0,11.0,848.0,45,Albania,12
2001.0,344.0,7.0,766.0,46,Croatia,12
2001.0,346.0,6.0,2232.0,47,Bosnia and Herzegovina,12
2001.0,349.0,1.0,549.0,48,Slovenia,12
2001.0,350.0,11.0,5005.0,49,Greece,12
2001.0,352.0,4.0,1155.0,50,Cyprus,12
2001.0,355.0,1.0,2737.0,51,Bulgaria,12
2001.0,359.0,0.0,184.0,52,Republic of Moldova,12
2001.0,360.0,2.0,1845.0,53,Romania,12
2001.0,365.0,50.0,13479.0,54,Russian Federation,12
2001.0,366.0,2.0,2986.0,55,Estonia,12
2001.0,367.0,2.0,2682.0,56,Latvia,12
2001.0,368.0,1.0,3039.0,57,Lithuania,12
2001.0,369.0,12.0,1853.0,58,Ukraine,12
2001.0,370.0,2.0,341.0,59,Belarus,12
2001.0,371.0,0.0,84.0,60,Armenia,12
2001.0,372.0,6.0,459.0,61,Georgia,12
2001.0,373.0,2.0,409.0,62,Azerbaijan,12
2001.0,375.0,4.0,7234.0,63,Finland,12
2001.0,380.0,9.0,6381.0,64,Sweden,12
2001.0,385.0,13.0,4120.0,65,Norway,12
2001.0,390.0,1.0,2749.0,66,Denmark,12
2001.0,404.0,2.0,90.0,67,Guinea Bissau,12
2001.0,411.0,0.0,20.0,68,Equatorial Guinea,12
2001.0,420.0,2.0,87.0,69,Gambia (Islamic Republic of the),12
2001.0,432.0,0.0,96.0,70,Mali,12
2001.0,433.0,4.0,205.0,71,Senegal,12
2001.0,434.0,1.0,97.0,72,Benin,12
2001.0,435.0,0.0,67.0,73,Mauritania,12
2001.0,436.0,2.0,88.0,74,Niger,12
2001.0,437.0,8.0,975.0,75,Côte D'Ivoire,12
2001.0,438.0,1.0,199.0,76,Guinea,12
2001.0,439.0,1.0,58.0,77,Burkina Faso,12
2001.0,450.0,6.0,378.0,78,Liberia,12
2001.0,451.0,6.0,349.0,79,Sierra Leone,12
2001.0,452.0,3.0,358.0,80,Ghana,12
2001.0,461.0,1.0,67.0,81,Togo,12
2001.0,471.0,2.0,167.0,82,Cameroon,12
2001.0,475.0,20.0,2478.0,83,Nigeria,12
2001.0,481.0,0.0,72.0,84,Gabon,12
2001.0,482.0,3.0,123.0,85,Central African Republic,12
2001.0,483.0,1.0,105.0,86,Chad,12
2001.0,484.0,3.0,290.0,87,Congo,12
2001.0,490.0,17.0,614.0,88,Democratic Republic of the Congo,12
2001.0,500.0,8.0,505.0,89,Uganda,12
2001.0,501.0,6.0,1783.0,90,Kenya,12
2001.0,510.0,2.0,326.0,91,United Republic of Tanzania,12
2001.0,516.0,7.0,286.0,92,Burundi,12
2001.0,517.0,5.0,362.0,93,Rwanda,12
2001.0,520.0,4.0,232.0,94,Somalia,12
2001.0,522.0,0.0,0.0,95,Djibouti,12
2001.0,530.0,4.0,343.0,96,Ethiopia,12
2001.0,531.0,0.0,135.0,97,Eritrea,12
2001.0,540.0,22.0,533.0,98,Angola,12
2001.0,541.0,0.0,205.0,99,Mozambique,12
2001.0,551.0,6.0,767.0,100,Zambia,12
2001.0,552.0,21.0,1733.0,101,Zimbabwe,12
2001.0,553.0,0.0,80.0,102,Malawi,12
2001.0,560.0,22.0,10380.0,103,South Africa,12
2001.0,565.0,2.0,105.0,104,Namibia,12
2001.0,571.0,1.0,92.0,105,Botswana,12
2001.0,580.0,2.0,65.0,106,Madagascar,12
2001.0,581.0,1.0,68.0,107,Comoros,12
2001.0,591.0,0.0,19.0,108,Seychelles,12
2001.0,600.0,2.0,2182.0,109,Morocco,12
2001.0,615.0,26.0,1344.0,110,Algeria,12
2001.0,616.0,1.0,1006.0,111,Tunisia,12
2001.0,620.0,0.0,410.0,112,Libya,12
2001.0,625.0,24.0,559.0,113,Sudan,12
2001.0,630.0,23.0,2692.0,114,Iran (Islamic Republic of),12
2001.0,640.0,39.0,8224.0,115,Turkey,12
2001.0,651.0,19.0,4475.0,116,Egypt,12
2001.0,652.0,10.0,1196.0,117,Syrian Arab Republic,12
2001.0,660.0,24.0,1911.0,118,Lebanon,12
2001.0,663.0,5.0,1175.0,119,Jordan,12
2001.0,666.0,223.0,10320.0,120,Israel,12
2001.0,670.0,7.0,2235.0,121,Saudi Arabia,12
2001.0,678.0,17.0,4056.0,122,Yemen Arab Republic,12
2001.0,679.0,8.0,591.0,123,Yemen,12
2001.0,680.0,17.0,4056.0,124,Yemen People's Republic,12
2001.0,690.0,2.0,1403.0,125,Kuwait,12
2001.0,692.0,1.0,733.0,126,Bahrain,12
2001.0,694.0,5.0,703.0,127,Qatar,12
2001.0,696.0,2.0,1476.0,128,United Arab Emirates,12
2001.0,698.0,1.0,677.0,129,Oman,12
2001.0,700.0,129.0,5930.0,130,Afghanistan,12
2001.0,701.0,0.0,131.0,131,Turkmenistan,12
2001.0,702.0,5.0,247.0,132,Tajikistan,12
2001.0,703.0,2.0,145.0,133,Kyrgyzstan,12
2001.0,704.0,2.0,263.0,134,Uzbekistan,12
2001.0,705.0,0.0,660.0,135,Kazakhstan,12
2001.0,710.0,69.0,27093.0,136,China,12
2001.0,712.0,0.0,151.0,137,Mongolia,12
2001.0,713.0,17.0,4056.0,138,"Taiwan, Province of China",12
2001.0,732.0,26.0,13826.0,139,Republic of Korea,12
2001.0,740.0,62.0,30037.0,140,Japan,12
2001.0,750.0,218.0,26822.0,141,India,12
2001.0,760.0,0.0,22.0,142,Bhutan,12
2001.0,770.0,52.0,5838.0,143,Pakistan,12
2001.0,771.0,34.0,2018.0,144,Bangladesh,12
2001.0,775.0,5.0,451.0,145,Myanmar,12
2001.0,780.0,46.0,3391.0,146,Sri Lanka,12
2001.0,790.0,40.0,1098.0,147,Nepal,12
2001.0,800.0,7.0,8505.0,148,Thailand,12
2001.0,811.0,2.0,570.0,149,Cambodia,12
2001.0,812.0,0.0,143.0,150,Lao People's Democratic Republic,12
2001.0,816.0,7.0,4163.0,151,Viet Nam,12
2001.0,820.0,20.0,7481.0,152,Malaysia,12
2001.0,830.0,6.0,12739.0,153,Singapore,12
2001.0,835.0,0.0,70.0,154,Brunei Darussalam,12
2001.0,840.0,38.0,8060.0,155,Philippines,12
2001.0,850.0,43.0,8727.0,156,Indonesia,12
2001.0,860.0,17.0,4056.0,157,Timor-Leste,12
2001.0,900.0,12.0,2745.0,158,Australia,12
2001.0,910.0,1.0,181.0,159,Papua New Guinea,12
2001.0,920.0,4.0,6719.0,160,New Zealand,12
2001.0,946.0,0.0,6.0,161,Kiribati,12
2001.0,955.0,0.0,19.0,162,Tonga,12
2001.0,970.0,0.0,56.0,163,Nauru,12
2002.0,2.0,422.0,211716.0,1,United States of America,13
2002.0,20.0,30.0,17286.0,2,Canada,13
2002.0,41.0,12.0,203.0,3,Haiti,13
2002.0,42.0,2.0,107.0,4,Dominican Republic,13
2002.0,51.0,5.0,228.0,5,Jamaica,13
2002.0,52.0,0.0,87.0,6,Trinidad and Tobago,13
2002.0,70.0,18.0,5401.0,7,Mexico,13
2002.0,80.0,0.0,26.0,8,Belize,13
2002.0,90.0,7.0,286.0,9,Guatemala,13
2002.0,91.0,0.0,204.0,10,Honduras,13
2002.0,92.0,0.0,231.0,11,El Salvador,13
2002.0,93.0,0.0,163.0,12,Nicaragua,13
2002.0,94.0,1.0,134.0,13,Costa Rica,13
2002.0,95.0,1.0,240.0,14,Panama,13
2002.0,100.0,36.0,2724.0,15,Colombia,13
2002.0,101.0,57.0,2702.0,16,"Venezuela, Bolivarian Republic of",13
2002.0,110.0,3.0,20.0,17,Guyana,13
2002.0,115.0,0.0,10.0,18,Suriname,13
2002.0,130.0,2.0,865.0,19,Ecuador,13
2002.0,135.0,4.0,2048.0,20,Peru,13
2002.0,140.0,9.0,6817.0,21,Brazil,13
2002.0,145.0,1.0,152.0,22,Bolivia (Plurinational State of),13
2002.0,150.0,3.0,68.0,23,Paraguay,13
2002.0,155.0,12.0,1952.0,24,Chile,13
2002.0,160.0,16.0,5040.0,25,Argentina,13
2002.0,165.0,2.0,423.0,26,Uruguay,13
2002.0,200.0,159.0,58783.0,27,United Kingdom of Great Britain and Northern Ireland,13
2002.0,205.0,8.0,2269.0,28,Ireland,13
2002.0,210.0,24.0,10521.0,29,Netherlands,13
2002.0,211.0,12.0,5147.0,30,Belgium,13
2002.0,220.0,79.0,18557.0,31,France,13
2002.0,225.0,10.0,9535.0,32,Switzerland,13
2002.0,230.0,31.0,7037.0,33,Spain,13
2002.0,235.0,3.0,2277.0,34,Portugal,13
2002.0,255.0,50.0,23500.0,35,Germany,13
2002.0,260.0,17.0,4056.0,36,Federal Republic of Germany,13
2002.0,265.0,17.0,4056.0,37,German Democratic Republic,13
2002.0,290.0,15.0,4834.0,38,Poland,13
2002.0,305.0,26.0,16064.0,39,Austria,13
2002.0,310.0,6.0,3817.0,40,Hungary,13
2002.0,315.0,17.0,4056.0,41,Czechoslovakia,13
2002.0,316.0,1.0,3685.0,42,Czech Republic,13
2002.0,317.0,4.0,1699.0,43,Slovakia,13
2002.0,325.0,37.0,11750.0,44,Italy,13
2002.0,339.0,3.0,242.0,45,Albania,13
2002.0,344.0,4.0,383.0,46,Croatia,13
2002.0,346.0,3.0,1774.0,47,Bosnia and Herzegovina,13
2002.0,349.0,1.0,262.0,48,Slovenia,13
2002.0,350.0,10.0,4420.0,49,Greece,13
2002.0,352.0,6.0,960.0,50,Cyprus,13
2002.0,355.0,0.0,1465.0,51,Bulgaria,13
2002.0,359.0,4.0,156.0,52,Republic of Moldova,13
2002.0,360.0,6.0,1484.0,53,Romania,13
2002.0,365.0,32.0,9372.0,54,Russian Federation,13
2002.0,366.0,0.0,425.0,55,Estonia,13
2002.0,367.0,1.0,607.0,56,Latvia,13
2002.0,368.0,1.0,672.0,57,Lithuania,13
2002.0,369.0,6.0,1574.0,58,Ukraine,13
2002.0,370.0,1.0,235.0,59,Belarus,13
2002.0,371.0,1.0,35.0,60,Armenia,13
2002.0,372.0,2.0,491.0,61,Georgia,13
2002.0,373.0,4.0,403.0,62,Azerbaijan,13
2002.0,375.0,6.0,6065.0,63,Finland,13
2002.0,380.0,1.0,5111.0,64,Sweden,13
2002.0,385.0,4.0,2590.0,65,Norway,13
2002.0,390.0,2.0,2478.0,66,Denmark,13
2002.0,404.0,0.0,44.0,67,Guinea Bissau,13
2002.0,411.0,0.0,38.0,68,Equatorial Guinea,13
2002.0,420.0,0.0,48.0,69,Gambia (Islamic Republic of the),13
2002.0,432.0,1.0,87.0,70,Mali,13
2002.0,433.0,3.0,123.0,71,Senegal,13
2002.0,434.0,0.0,7.0,72,Benin,13
2002.0,435.0,0.0,18.0,73,Mauritania,13
2002.0,436.0,1.0,54.0,74,Niger,13
2002.0,437.0,44.0,1063.0,75,Côte D'Ivoire,13
2002.0,438.0,1.0,46.0,76,Guinea,13
2002.0,439.0,3.0,49.0,77,Burkina Faso,13
2002.0,450.0,13.0,368.0,78,Liberia,13
2002.0,451.0,4.0,202.0,79,Sierra Leone,13
2002.0,452.0,0.0,301.0,80,Ghana,13
2002.0,461.0,5.0,114.0,81,Togo,13
2002.0,471.0,0.0,94.0,82,Cameroon,13
2002.0,475.0,23.0,2331.0,83,Nigeria,13
2002.0,481.0,0.0,41.0,84,Gabon,13
2002.0,482.0,2.0,70.0,85,Central African Republic,13
2002.0,483.0,0.0,51.0,86,Chad,13
2002.0,484.0,2.0,258.0,87,Congo,13
2002.0,490.0,10.0,301.0,88,Democratic Republic of the Congo,13
2002.0,500.0,4.0,413.0,89,Uganda,13
2002.0,501.0,14.0,1652.0,90,Kenya,13
2002.0,510.0,0.0,165.0,91,United Republic of Tanzania,13
2002.0,516.0,19.0,228.0,92,Burundi,13
2002.0,517.0,2.0,289.0,93,Rwanda,13
2002.0,520.0,3.0,159.0,94,Somalia,13
2002.0,522.0,0.0,0.0,95,Djibouti,13
2002.0,530.0,7.0,284.0,96,Ethiopia,13
2002.0,531.0,1.0,136.0,97,Eritrea,13
2002.0,540.0,3.0,421.0,98,Angola,13
2002.0,541.0,0.0,144.0,99,Mozambique,13
2002.0,551.0,0.0,669.0,100,Zambia,13
2002.0,552.0,30.0,1746.0,101,Zimbabwe,13
2002.0,553.0,4.0,119.0,102,Malawi,13
2002.0,560.0,29.0,8492.0,103,South Africa,13
2002.0,565.0,1.0,51.0,104,Namibia,13
2002.0,571.0,0.0,39.0,105,Botswana,13
2002.0,580.0,16.0,364.0,106,Madagascar,13
2002.0,581.0,0.0,28.0,107,Comoros,13
2002.0,591.0,1.0,21.0,108,Seychelles,13
2002.0,600.0,8.0,1872.0,109,Morocco,13
2002.0,615.0,15.0,999.0,110,Algeria,13
2002.0,616.0,3.0,1094.0,111,Tunisia,13
2002.0,620.0,1.0,353.0,112,Libya,13
2002.0,625.0,18.0,698.0,113,Sudan,13
2002.0,630.0,20.0,2106.0,114,Iran (Islamic Republic of),13
2002.0,640.0,15.0,6555.0,115,Turkey,13
2002.0,651.0,5.0,3711.0,116,Egypt,13
2002.0,652.0,1.0,646.0,117,Syrian Arab Republic,13
2002.0,660.0,24.0,1447.0,118,Lebanon,13
2002.0,663.0,6.0,858.0,119,Jordan,13
2002.0,666.0,198.0,9965.0,120,Israel,13
2002.0,670.0,4.0,1925.0,121,Saudi Arabia,13
2002.0,678.0,17.0,4056.0,122,Yemen Arab Republic,13
2002.0,679.0,5.0,409.0,123,Yemen,13
2002.0,680.0,17.0,4056.0,124,Yemen People's Republic,13
2002.0,690.0,4.0,1063.0,125,Kuwait,13
2002.0,692.0,5.0,584.0,126,Bahrain,13
2002.0,694.0,0.0,408.0,127,Qatar,13
2002.0,696.0,1.0,1051.0,128,United Arab Emirates,13
2002.0,698.0,0.0,591.0,129,Oman,13
2002.0,700.0,55.0,3670.0,130,Afghanistan,13
2002.0,701.0,0.0,163.0,131,Turkmenistan,13
2002.0,702.0,0.0,101.0,132,Tajikistan,13
2002.0,703.0,6.0,148.0,133,Kyrgyzstan,13
2002.0,704.0,0.0,159.0,134,Uzbekistan,13
2002.0,705.0,1.0,524.0,135,Kazakhstan,13
2002.0,710.0,37.0,26698.0,136,China,13
2002.0,712.0,2.0,102.0,137,Mongolia,13
2002.0,713.0,17.0,4056.0,138,"Taiwan, Province of China",13
2002.0,732.0,20.0,12526.0,139,Republic of Korea,13
2002.0,740.0,22.0,27314.0,140,Japan,13
2002.0,750.0,148.0,20066.0,141,India,13
2002.0,760.0,0.0,3.0,142,Bhutan,13
2002.0,770.0,50.0,5968.0,143,Pakistan,13
2002.0,771.0,14.0,2150.0,144,Bangladesh,13
2002.0,775.0,11.0,681.0,145,Myanmar,13
2002.0,780.0,20.0,3082.0,146,Sri Lanka,13
2002.0,790.0,54.0,968.0,147,Nepal,13
2002.0,800.0,8.0,7152.0,148,Thailand,13
2002.0,811.0,1.0,467.0,149,Cambodia,13
2002.0,812.0,0.0,67.0,150,Lao People's Democratic Republic,13
2002.0,816.0,6.0,3432.0,151,Viet Nam,13
2002.0,820.0,7.0,6254.0,152,Malaysia,13
2002.0,830.0,8.0,11197.0,153,Singapore,13
2002.0,835.0,0.0,57.0,154,Brunei Darussalam,13
2002.0,840.0,31.0,5988.0,155,Philippines,13
2002.0,850.0,37.0,7058.0,156,Indonesia,13
2002.0,860.0,17.0,4056.0,157,Timor-Leste,13
2002.0,900.0,5.0,2262.0,158,Australia,13
2002.0,910.0,0.0,188.0,159,Papua New Guinea,13
2002.0,920.0,1.0,4939.0,160,New Zealand,13
2002.0,946.0,0.0,0.0,161,Kiribati,13
2002.0,955.0,0.0,17.0,162,Tonga,13
2002.0,970.0,0.0,8.0,163,Nauru,13
2003.0,2.0,494.0,124222.0,1,United States of America,14
2003.0,20.0,10.0,9945.0,2,Canada,14
2003.0,41.0,3.0,97.0,3,Haiti,14
2003.0,42.0,0.0,158.0,4,Dominican Republic,14
2003.0,51.0,1.0,96.0,5,Jamaica,14
2003.0,52.0,0.0,39.0,6,Trinidad and Tobago,14
2003.0,70.0,13.0,3894.0,7,Mexico,14
2003.0,80.0,0.0,11.0,8,Belize,14
2003.0,90.0,3.0,177.0,9,Guatemala,14
2003.0,91.0,3.0,137.0,10,Honduras,14
2003.0,92.0,0.0,79.0,11,El Salvador,14
2003.0,93.0,1.0,70.0,12,Nicaragua,14
2003.0,94.0,0.0,59.0,13,Costa Rica,14
2003.0,95.0,1.0,79.0,14,Panama,14
2003.0,100.0,30.0,1840.0,15,Colombia,14
2003.0,101.0,23.0,1965.0,16,"Venezuela, Bolivarian Republic of",14
2003.0,110.0,0.0,6.0,17,Guyana,14
2003.0,115.0,0.0,3.0,18,Suriname,14
2003.0,130.0,3.0,553.0,19,Ecuador,14
2003.0,135.0,12.0,1060.0,20,Peru,14
2003.0,140.0,14.0,5363.0,21,Brazil,14
2003.0,145.0,5.0,240.0,22,Bolivia (Plurinational State of),14
2003.0,150.0,1.0,73.0,23,Paraguay,14
2003.0,155.0,1.0,1581.0,24,Chile,14
2003.0,160.0,8.0,1937.0,25,Argentina,14
2003.0,165.0,1.0,210.0,26,Uruguay,14
2003.0,200.0,116.0,41521.0,27,United Kingdom of Great Britain and Northern Ireland,14
2003.0,205.0,6.0,1355.0,28,Ireland,14
2003.0,210.0,3.0,6746.0,29,Netherlands,14
2003.0,211.0,5.0,3800.0,30,Belgium,14
2003.0,220.0,61.0,13154.0,31,France,14
2003.0,225.0,2.0,6167.0,32,Switzerland,14
2003.0,230.0,17.0,5273.0,33,Spain,14
2003.0,235.0,5.0,1273.0,34,Portugal,14
2003.0,255.0,43.0,15815.0,35,Germany,14
2003.0,260.0,17.0,4056.0,36,Federal Republic of Germany,14
2003.0,265.0,17.0,4056.0,37,German Democratic Republic,14
2003.0,290.0,22.0,3597.0,38,Poland,14
2003.0,305.0,32.0,10951.0,39,Austria,14
2003.0,310.0,6.0,2440.0,40,Hungary,14
2003.0,315.0,17.0,4056.0,41,Czechoslovakia,14
2003.0,316.0,3.0,2132.0,42,Czech Republic,14
2003.0,317.0,2.0,1106.0,43,Slovakia,14
2003.0,325.0,34.0,7993.0,44,Italy,14
2003.0,339.0,3.0,166.0,45,Albania,14
2003.0,344.0,0.0,264.0,46,Croatia,14
2003.0,346.0,0.0,1288.0,47,Bosnia and Herzegovina,14
2003.0,349.0,0.0,203.0,48,Slovenia,14
2003.0,350.0,6.0,2992.0,49,Greece,14
2003.0,352.0,2.0,646.0,50,Cyprus,14
2003.0,355.0,3.0,593.0,51,Bulgaria,14
2003.0,359.0,2.0,80.0,52,Republic of Moldova,14
2003.0,360.0,5.0,1074.0,53,Romania,14
2003.0,365.0,34.0,7274.0,54,Russian Federation,14
2003.0,366.0,0.0,142.0,55,Estonia,14
2003.0,367.0,0.0,243.0,56,Latvia,14
2003.0,368.0,0.0,360.0,57,Lithuania,14
2003.0,369.0,5.0,926.0,58,Ukraine,14
2003.0,370.0,2.0,181.0,59,Belarus,14
2003.0,371.0,4.0,56.0,60,Armenia,14
2003.0,372.0,18.0,606.0,61,Georgia,14
2003.0,373.0,3.0,379.0,62,Azerbaijan,14
2003.0,375.0,3.0,3227.0,63,Finland,14
2003.0,380.0,7.0,2848.0,64,Sweden,14
2003.0,385.0,9.0,2200.0,65,Norway,14
2003.0,390.0,0.0,1465.0,66,Denmark,14
2003.0,404.0,0.0,84.0,67,Guinea Bissau,14
2003.0,411.0,0.0,13.0,68,Equatorial Guinea,14
2003.0,420.0,0.0,14.0,69,Gambia (Islamic Republic of the),14
2003.0,432.0,0.0,53.0,70,Mali,14
2003.0,433.0,1.0,61.0,71,Senegal,14
2003.0,434.0,0.0,48.0,72,Benin,14
2003.0,435.0,3.0,150.0,73,Mauritania,14
2003.0,436.0,1.0,61.0,74,Niger,14
2003.0,437.0,51.0,1136.0,75,Côte D'Ivoire,14
2003.0,438.0,1.0,96.0,76,Guinea,14
2003.0,439.0,2.0,41.0,77,Burkina Faso,14
2003.0,450.0,67.0,990.0,78,Liberia,14
2003.0,451.0,1.0,148.0,79,Sierra Leone,14
2003.0,452.0,6.0,267.0,80,Ghana,14
2003.0,461.0,0.0,59.0,81,Togo,14
2003.0,471.0,1.0,76.0,82,Cameroon,14
2003.0,475.0,34.0,1912.0,83,Nigeria,14
2003.0,481.0,0.0,16.0,84,Gabon,14
2003.0,482.0,3.0,48.0,85,Central African Republic,14
2003.0,483.0,0.0,56.0,86,Chad,14
2003.0,484.0,5.0,228.0,87,Congo,14
2003.0,490.0,5.0,268.0,88,Democratic Republic of the Congo,14
2003.0,500.0,9.0,339.0,89,Uganda,14
2003.0,501.0,13.0,1448.0,90,Kenya,14
2003.0,510.0,0.0,98.0,91,United Republic of Tanzania,14
2003.0,516.0,10.0,249.0,92,Burundi,14
2003.0,517.0,3.0,259.0,93,Rwanda,14
2003.0,520.0,2.0,97.0,94,Somalia,14
2003.0,522.0,0.0,1.0,95,Djibouti,14
2003.0,530.0,5.0,348.0,96,Ethiopia,14
2003.0,531.0,0.0,80.0,97,Eritrea,14
2003.0,540.0,1.0,162.0,98,Angola,14
2003.0,541.0,0.0,135.0,99,Mozambique,14
2003.0,551.0,2.0,421.0,100,Zambia,14
2003.0,552.0,25.0,1243.0,101,Zimbabwe,14
2003.0,553.0,1.0,133.0,102,Malawi,14
2003.0,560.0,23.0,5959.0,103,South Africa,14
2003.0,565.0,0.0,80.0,104,Namibia,14
2003.0,571.0,0.0,67.0,105,Botswana,14
2003.0,580.0,0.0,29.0,106,Madagascar,14
2003.0,581.0,1.0,34.0,107,Comoros,14
2003.0,591.0,0.0,0.0,108,Seychelles,14
2003.0,600.0,10.0,957.0,109,Morocco,14
2003.0,615.0,10.0,776.0,110,Algeria,14
2003.0,616.0,1.0,550.0,111,Tunisia,14
2003.0,620.0,2.0,541.0,112,Libya,14
2003.0,625.0,14.0,472.0,113,Sudan,14
2003.0,630.0,19.0,2749.0,114,Iran (Islamic Republic of),14
2003.0,640.0,16.0,5059.0,115,Turkey,14
2003.0,651.0,16.0,2448.0,116,Egypt,14
2003.0,652.0,2.0,867.0,117,Syrian Arab Republic,14
2003.0,660.0,8.0,892.0,118,Lebanon,14
2003.0,663.0,7.0,501.0,119,Jordan,14
2003.0,666.0,85.0,6189.0,120,Israel,14
2003.0,670.0,19.0,1916.0,121,Saudi Arabia,14
2003.0,678.0,17.0,4056.0,122,Yemen Arab Republic,14
2003.0,679.0,2.0,264.0,123,Yemen,14
2003.0,680.0,17.0,4056.0,124,Yemen People's Republic,14
2003.0,690.0,7.0,917.0,125,Kuwait,14
2003.0,692.0,5.0,321.0,126,Bahrain,14
2003.0,694.0,0.0,684.0,127,Qatar,14
2003.0,696.0,1.0,847.0,128,United Arab Emirates,14
2003.0,698.0,2.0,305.0,129,Oman,14
2003.0,700.0,74.0,1996.0,130,Afghanistan,14
2003.0,701.0,0.0,67.0,131,Turkmenistan,14
2003.0,702.0,0.0,47.0,132,Tajikistan,14
2003.0,703.0,0.0,48.0,133,Kyrgyzstan,14
2003.0,704.0,1.0,112.0,134,Uzbekistan,14
2003.0,705.0,0.0,323.0,135,Kazakhstan,14
2003.0,710.0,58.0,18020.0,136,China,14
2003.0,712.0,0.0,71.0,137,Mongolia,14
2003.0,713.0,17.0,4056.0,138,"Taiwan, Province of China",14
2003.0,732.0,27.0,8507.0,139,Republic of Korea,14
2003.0,740.0,25.0,16158.0,140,Japan,14
2003.0,750.0,92.0,11397.0,141,India,14
2003.0,760.0,3.0,33.0,142,Bhutan,14
2003.0,770.0,28.0,3599.0,143,Pakistan,14
2003.0,771.0,15.0,1506.0,144,Bangladesh,14
2003.0,775.0,0.0,544.0,145,Myanmar,14
2003.0,780.0,14.0,1747.0,146,Sri Lanka,14
2003.0,790.0,27.0,435.0,147,Nepal,14
2003.0,800.0,9.0,4883.0,148,Thailand,14
2003.0,811.0,7.0,423.0,149,Cambodia,14
2003.0,812.0,0.0,56.0,150,Lao People's Democratic Republic,14
2003.0,816.0,6.0,1674.0,151,Viet Nam,14
2003.0,820.0,4.0,3526.0,152,Malaysia,14
2003.0,830.0,6.0,7323.0,153,Singapore,14
2003.0,835.0,0.0,30.0,154,Brunei Darussalam,14
2003.0,840.0,20.0,3306.0,155,Philippines,14
2003.0,850.0,31.0,4680.0,156,Indonesia,14
2003.0,860.0,17.0,4056.0,157,Timor-Leste,14
2003.0,900.0,4.0,1542.0,158,Australia,14
2003.0,910.0,1.0,37.0,159,Papua New Guinea,14
2003.0,920.0,6.0,3064.0,160,New Zealand,14
2003.0,946.0,0.0,5.0,161,Kiribati,14
2003.0,955.0,0.0,28.0,162,Tonga,14
2003.0,970.0,0.0,6.0,163,Nauru,14
2004.0,2.0,636.0,124884.0,1,United States of America,15
2004.0,20.0,14.0,10250.0,2,Canada,15
2004.0,41.0,48.0,1104.0,3,Haiti,15
2004.0,42.0,2.0,211.0,4,Dominican Republic,15
2004.0,51.0,0.0,192.0,5,Jamaica,15
2004.0,52.0,0.0,99.0,6,Trinidad and Tobago,15
2004.0,70.0,32.0,7660.0,7,Mexico,15
2004.0,80.0,0.0,48.0,8,Belize,15
2004.0,90.0,5.0,164.0,9,Guatemala,15
2004.0,91.0,0.0,131.0,10,Honduras,15
2004.0,92.0,0.0,142.0,11,El Salvador,15
2004.0,93.0,0.0,49.0,12,Nicaragua,15
2004.0,94.0,1.0,112.0,13,Costa Rica,15
2004.0,95.0,0.0,98.0,14,Panama,15
2004.0,100.0,17.0,1602.0,15,Colombia,15
2004.0,101.0,19.0,1834.0,16,"Venezuela, Bolivarian Republic of",15
2004.0,110.0,0.0,16.0,17,Guyana,15
2004.0,115.0,0.0,21.0,18,Suriname,15
2004.0,130.0,5.0,478.0,19,Ecuador,15
2004.0,135.0,30.0,1629.0,20,Peru,15
2004.0,140.0,33.0,8910.0,21,Brazil,15
2004.0,145.0,6.0,172.0,22,Bolivia (Plurinational State of),15
2004.0,150.0,0.0,116.0,23,Paraguay,15
2004.0,155.0,1.0,2465.0,24,Chile,15
2004.0,160.0,15.0,2956.0,25,Argentina,15
2004.0,165.0,0.0,179.0,26,Uruguay,15
2004.0,200.0,204.0,35894.0,27,United Kingdom of Great Britain and Northern Ireland,15
2004.0,205.0,7.0,1389.0,28,Ireland,15
2004.0,210.0,17.0,4213.0,29,Netherlands,15
2004.0,211.0,18.0,2881.0,30,Belgium,15
2004.0,220.0,85.0,11503.0,31,France,15
2004.0,225.0,17.0,3809.0,32,Switzerland,15
2004.0,230.0,51.0,6540.0,33,Spain,15
2004.0,235.0,18.0,1489.0,34,Portugal,15
2004.0,255.0,44.0,11683.0,35,Germany,15
2004.0,260.0,17.0,4056.0,36,Federal Republic of Germany,15
2004.0,265.0,17.0,4056.0,37,German Democratic Republic,15
2004.0,290.0,16.0,2145.0,38,Poland,15
2004.0,305.0,27.0,5655.0,39,Austria,15
2004.0,310.0,4.0,1261.0,40,Hungary,15
2004.0,315.0,17.0,4056.0,41,Czechoslovakia,15
2004.0,316.0,1.0,1142.0,42,Czech Republic,15
2004.0,317.0,3.0,566.0,43,Slovakia,15
2004.0,325.0,58.0,7366.0,44,Italy,15
2004.0,339.0,4.0,183.0,45,Albania,15
2004.0,344.0,4.0,331.0,46,Croatia,15
2004.0,346.0,4.0,595.0,47,Bosnia and Herzegovina,15
2004.0,349.0,1.0,149.0,48,Slovenia,15
2004.0,350.0,25.0,3555.0,49,Greece,15
2004.0,352.0,8.0,919.0,50,Cyprus,15
2004.0,355.0,17.0,767.0,51,Bulgaria,15
2004.0,359.0,0.0,44.0,52,Republic of Moldova,15
2004.0,360.0,8.0,1181.0,53,Romania,15
2004.0,365.0,58.0,7611.0,54,Russian Federation,15
2004.0,366.0,0.0,131.0,55,Estonia,15
2004.0,367.0,0.0,262.0,56,Latvia,15
2004.0,368.0,3.0,257.0,57,Lithuania,15
2004.0,369.0,37.0,1570.0,58,Ukraine,15
2004.0,370.0,2.0,220.0,59,Belarus,15
2004.0,371.0,0.0,36.0,60,Armenia,15
2004.0,372.0,7.0,641.0,61,Georgia,15
2004.0,373.0,1.0,238.0,62,Azerbaijan,15
2004.0,375.0,17.0,4056.0,63,Finland,15
2004.0,380.0,2.0,1685.0,64,Sweden,15
2004.0,385.0,7.0,1599.0,65,Norway,15
2004.0,390.0,3.0,878.0,66,Denmark,15
2004.0,404.0,2.0,50.0,67,Guinea Bissau,15
2004.0,411.0,0.0,177.0,68,Equatorial Guinea,15
2004.0,420.0,1.0,40.0,69,Gambia (Islamic Republic of the),15
2004.0,432.0,1.0,78.0,70,Mali,15
2004.0,433.0,6.0,168.0,71,Senegal,15
2004.0,434.0,1.0,30.0,72,Benin,15
2004.0,435.0,3.0,69.0,73,Mauritania,15
2004.0,436.0,3.0,115.0,74,Niger,15
2004.0,437.0,12.0,805.0,75,Côte D'Ivoire,15
2004.0,438.0,1.0,88.0,76,Guinea,15
2004.0,439.0,1.0,96.0,77,Burkina Faso,15
2004.0,450.0,2.0,185.0,78,Liberia,15
2004.0,451.0,0.0,75.0,79,Sierra Leone,15
2004.0,452.0,1.0,170.0,80,Ghana,15
2004.0,461.0,0.0,19.0,81,Togo,15
2004.0,471.0,3.0,191.0,82,Cameroon,15
2004.0,475.0,72.0,2257.0,83,Nigeria,15
2004.0,481.0,1.0,38.0,84,Gabon,15
2004.0,482.0,4.0,65.0,85,Central African Republic,15
2004.0,483.0,2.0,164.0,86,Chad,15
2004.0,484.0,4.0,246.0,87,Congo,15
2004.0,490.0,13.0,405.0,88,Democratic Republic of the Congo,15
2004.0,500.0,16.0,510.0,89,Uganda,15
2004.0,501.0,15.0,1183.0,90,Kenya,15
2004.0,510.0,1.0,103.0,91,United Republic of Tanzania,15
2004.0,516.0,8.0,222.0,92,Burundi,15
2004.0,517.0,6.0,395.0,93,Rwanda,15
2004.0,520.0,6.0,201.0,94,Somalia,15
2004.0,522.0,0.0,0.0,95,Djibouti,15
2004.0,530.0,4.0,415.0,96,Ethiopia,15
2004.0,531.0,0.0,146.0,97,Eritrea,15
2004.0,540.0,0.0,204.0,98,Angola,15
2004.0,541.0,1.0,228.0,99,Mozambique,15
2004.0,551.0,3.0,341.0,100,Zambia,15
2004.0,552.0,18.0,1416.0,101,Zimbabwe,15
2004.0,553.0,7.0,156.0,102,Malawi,15
2004.0,560.0,43.0,9911.0,103,South Africa,15
2004.0,565.0,0.0,130.0,104,Namibia,15
2004.0,571.0,0.0,163.0,105,Botswana,15
2004.0,580.0,0.0,7.0,106,Madagascar,15
2004.0,581.0,2.0,44.0,107,Comoros,15
2004.0,591.0,0.0,6.0,108,Seychelles,15
2004.0,600.0,8.0,830.0,109,Morocco,15
2004.0,615.0,17.0,755.0,110,Algeria,15
2004.0,616.0,1.0,367.0,111,Tunisia,15
2004.0,620.0,2.0,810.0,112,Libya,15
2004.0,625.0,54.0,1964.0,113,Sudan,15
2004.0,630.0,32.0,3291.0,114,Iran (Islamic Republic of),15
2004.0,640.0,14.0,5098.0,115,Turkey,15
2004.0,651.0,15.0,3095.0,116,Egypt,15
2004.0,652.0,16.0,636.0,117,Syrian Arab Republic,15
2004.0,660.0,16.0,1006.0,118,Lebanon,15
2004.0,663.0,8.0,547.0,119,Jordan,15
2004.0,666.0,198.0,8403.0,120,Israel,15
2004.0,670.0,34.0,2455.0,121,Saudi Arabia,15
2004.0,678.0,17.0,4056.0,122,Yemen Arab Republic,15
2004.0,679.0,3.0,192.0,123,Yemen,15
2004.0,680.0,17.0,4056.0,124,Yemen People's Republic,15
2004.0,690.0,1.0,1160.0,125,Kuwait,15
2004.0,692.0,6.0,307.0,126,Bahrain,15
2004.0,694.0,1.0,366.0,127,Qatar,15
2004.0,696.0,9.0,1222.0,128,United Arab Emirates,15
2004.0,698.0,0.0,167.0,129,Oman,15
2004.0,700.0,85.0,2545.0,130,Afghanistan,15
2004.0,701.0,0.0,45.0,131,Turkmenistan,15
2004.0,702.0,1.0,38.0,132,Tajikistan,15
2004.0,703.0,2.0,41.0,133,Kyrgyzstan,15
2004.0,704.0,5.0,247.0,134,Uzbekistan,15
2004.0,705.0,2.0,334.0,135,Kazakhstan,15
2004.0,710.0,46.0,15077.0,136,China,15
2004.0,712.0,0.0,94.0,137,Mongolia,15
2004.0,713.0,17.0,4056.0,138,"Taiwan, Province of China",15
2004.0,732.0,34.0,5681.0,139,Republic of Korea,15
2004.0,740.0,33.0,17951.0,140,Japan,15
2004.0,750.0,84.0,5653.0,141,India,15
2004.0,760.0,0.0,8.0,142,Bhutan,15
2004.0,770.0,93.0,3979.0,143,Pakistan,15
2004.0,771.0,17.0,947.0,144,Bangladesh,15
2004.0,775.0,3.0,519.0,145,Myanmar,15
2004.0,780.0,16.0,1469.0,146,Sri Lanka,15
2004.0,790.0,69.0,576.0,147,Nepal,15
2004.0,800.0,55.0,3114.0,148,Thailand,15
2004.0,811.0,4.0,237.0,149,Cambodia,15
2004.0,812.0,0.0,38.0,150,Lao People's Democratic Republic,15
2004.0,816.0,11.0,1093.0,151,Viet Nam,15
2004.0,820.0,3.0,1839.0,152,Malaysia,15
2004.0,830.0,5.0,5009.0,153,Singapore,15
2004.0,835.0,0.0,32.0,154,Brunei Darussalam,15
2004.0,840.0,31.0,1982.0,155,Philippines,15
2004.0,850.0,23.0,3384.0,156,Indonesia,15
2004.0,860.0,17.0,4056.0,157,Timor-Leste,15
2004.0,900.0,1.0,1214.0,158,Australia,15
2004.0,910.0,0.0,21.0,159,Papua New Guinea,15
2004.0,920.0,5.0,930.0,160,New Zealand,15
2004.0,946.0,0.0,1.0,161,Kiribati,15
2004.0,955.0,0.0,3.0,162,Tonga,15
2004.0,970.0,0.0,3.0,163,Nauru,15
